mass,x,y,vx,vy
1.0716514559310013e+30,6.4216070569490904e+16,2.621128961502982e+16,-18.185623428312468,9.70398886987418
1.0181130041289079e+30,6.234471198407531e+16,7.435530340276688e+16,-77.89173978113737,82.10189543576476
2.7026103935435373e+29,1.1252932570399478e+16,9.266507861814533e+16,8.83310077550172,41.33165524886334
1.2249752405115566e+30,5.19898234470773e+16,1.2958148153006058e+16,-53.23762202521507,34.699661414840705
1.4833437396994743e+30,7.395048551080824e+16,8.115185847248733e+16,-13.24444314281861,3.9561491523275976
1.4138268816897648e+30,8.324052680740501e+16,7.834433110071832e+16,60.10042516612438,71.44452598880824
1.2719559966727423e+30,6.365086783538799e+16,1.458574147547414e+16,97.62026934934232,-19.358996243274134
1.3881510065095777e+30,4.214612045891266e+16,3.3598753944932892e+16,-24.402665820325794,-25.033995491029913
7.055325587174256e+29,4068788467803084.0,3.9736608810759944e+16,26.111909254807458,-46.654488593042
1.4506361545174568e+30,2.9606494312098268e+16,3.1924528041644436e+16,-10.026950456550892,49.330135410461565
1.0903100347022953e+30,1.595158317456678e+16,3.710738117414583e+16,-59.86573248920575,-41.09673508784966
7.074361324527915e+29,7278057029552964.0,6.417526865563561e+16,63.4105622395455,43.741630211124175
3.537679505052486e+29,6.121002206624895e+16,1.5875045584695434e+16,-4.964103144663426,-20.568962372917895
5.4320432313480116e+29,4.341997456790777e+16,3.6006177060304404e+16,74.76020405542437,-19.678114896310888
1.4586714162540554e+30,5330631398007263.0,8.889051236866264e+16,71.79642470501267,96.46436727829689
1.7200592629549918e+30,9.153217040632237e+16,1.5425747218016724e+16,-90.94019403244225,-52.470701771986114
3.78455360270187e+29,1.4517755741934852e+16,7400319519167612.0,-92.04418488682742,-0.6462859769332852
2.0883216398012212e+30,2.157055600731995e+16,7.700342896402834e+16,26.026718643099116,22.819166908905103
7.417677585986277e+29,3.5880400790252176e+16,4.748406499135046e+16,-50.107592320193795,-50.89796949570107
5.532880920265578e+29,7.121202906523158e+16,6.0802290427528376e+16,7.297038805601133,71.17721391480595
4.6310700262050365e+29,5.150235650298939e+16,5.373073007026727e+16,-38.022516882941645,-79.63038983254498
2.9695826730289135e+29,2.7999219493219324e+16,3.320494108424575e+16,11.348366921523194,-55.652382900245634
2.190580394320686e+30,3.616249359899907e+16,5.719904406083811e+16,64.8916656649319,20.192520716170478
8.927784817139341e+29,1.6660127953809096e+16,1.5530663704295916e+16,16.550592374676285,26.600816110549914
1.6328353312745546e+29,4.555284007470959e+16,9.448071786104291e+16,-30.74255725208495,-17.873648326212475
2.2004406927002464e+30,9702210092295408.0,4.9223602170665416e+16,13.31767173871529,13.268823713904524
7.907093759168899e+29,8459442792981719.0,5.7964362301569416e+16,78.95409927910643,-56.19826877088834
5.8995338823184804e+29,1.4530811026583326e+16,2.036466777997241e+16,62.45000186834241,7.4091220022545485
8.730449947686249e+29,3.0129710645729036e+16,4.147611049798699e+16,38.25129135977781,-12.837462012260971
1.195657856065484e+30,4.590597808384749e+16,2.9668233127411772e+16,61.30355738144996,-72.79200301548235
1.6060735498774637e+30,7.94677978513142e+16,3.1661605217779256e+16,55.25755367902954,71.75654093217989
1.259975396234576e+30,4.009851040760428e+16,8.39992513505347e+16,-64.6504110126692,74.35371339278055
3.661334645344271e+29,1286279634192031.0,4.387737287866283e+16,-21.156392630002017,67.04530409926471
9.19109953761508e+29,2.2363565951202772e+16,6.057245279728495e+16,-57.20356548710579,-8.367174762120982
9.336104148841067e+29,4.6220045508471464e+16,7.051761661872398e+16,42.921800157671385,60.23540071614718
8.059683730869672e+29,1.7449270676192944e+16,7775686902072643.0,56.506744710108364,13.161432419029225
7.843684848856408e+29,4.640665002979469e+16,5.181519046089638e+16,64.41461956329061,88.93090795575506
2.7910201010007566e+29,7.644276912316474e+16,4.730802180094683e+16,-39.12806919736911,-29.934132136595863
5.8881423967358295e+29,8.36634852787079e+16,2.1365036191693452e+16,29.207461906767236,52.363250083156515
8.667566699702498e+29,5.98695566594966e+16,2.441213981312274e+16,28.364891274881614,-28.70755516682661
4.1876500736296133e+30,7.468878669779755e+16,2.08853614340538e+16,-42.895565488037676,83.54684392766896
2.118514593881071e+30,4.846231624290365e+16,3.3194829076174676e+16,-69.17182725372903,-81.95638430840835
3.61553502186887e+29,2.7677167823019184e+16,7.362754969432115e+16,-32.153755069046426,-5.002602070480293
2.9914343822286627e+29,2.258528356981715e+16,7.721128388181427e+16,45.56993819078292,15.375303028585051
2.3056549016348447e+29,4.056670349477953e+16,5.045685592480562e+16,-40.37901881883239,6.84918370530778
1.6882520047624788e+30,4.494741417035847e+16,3.504287330475596e+16,88.2599763888829,3.2551560290427233
9.939040593228308e+29,3.390021528170412e+16,1.1561500506998742e+16,31.06711333587083,-8.974028814489259
8.752017000296582e+29,9.255279617969286e+16,6.605885540385138e+16,-84.86571252267265,65.20336183798179
2.787971517308914e+29,4.389709610560884e+16,1.0791567740603642e+16,22.39591016495328,27.145022883009602
2.6023341265044785e+30,2.8993302095497468e+16,5.254484604199311e+16,0.5527817481910517,-38.36627586108128
1.617676569233975e+29,5.662231193982192e+16,4.781855001644082e+16,-20.3098903600128,89.008546456663
1.853827056273278e+29,3.5846586170887268e+16,2.6787005136778124e+16,11.619004449856334,-72.10799270817812
4.858008279193884e+29,7.1366993319134904e+16,2905108204253274.0,50.51420942753313,33.594942180373835
1.526948181080166e+30,2.790951739788117e+16,7.039633794412222e+16,15.422627065947566,17.158825465464304
1.1603181536760936e+30,4.131286136445603e+16,9850994901622696.0,-70.63430570325966,-82.35004875513394
2.694802159195709e+29,3.0751018115586904e+16,5.585129514652065e+16,84.72334571197428,5.3476573935474505
2.7500559147029286e+30,2.108303810423167e+16,4.956607933913553e+16,98.45874001806814,-71.38314591562684
3.4107340493651834e+30,3.6460472117496776e+16,4.5150721597105624e+16,-61.20194141079245,-51.07872648114249
2.342736612099573e+30,866255392320388.2,5.399678635504597e+16,-18.068064021670367,25.805921563821002
6.917658787398694e+29,2.8022572775638796e+16,2.72759054886515e+16,30.288121188883906,-36.17311601910955
3.1661039877307204e+29,6.71712297447889e+16,7.077998212123359e+16,93.54110048357603,71.9850195949733
1.1249556383228825e+30,8.607596585971734e+16,9.26323965502371e+16,-23.968522548960863,94.55534035697207
6.195215912550662e+29,5.802896371963908e+16,403055633403992.2,-30.79215012316625,82.87176471195599
2.1385803844926696e+30,3.6799902299484536e+16,7.833055667513942e+16,-49.150056201086144,71.70154854991657
4.0614299095637004e+29,3.768446148977899e+16,6016084883046101.0,-65.88081485167616,-88.46687950011112
1.5129650134209306e+29,4.845721853945324e+16,2.8293206384334776e+16,-55.34077339040333,-47.56521212336402
2.0854450477501754e+30,8.818703440218411e+16,3.4082396027939404e+16,32.48327548373459,-83.27505254116485
1.8996409944729792e+29,4.693713033905745e+16,5.013809886421554e+16,-98.0556239430866,34.68700297996725
5.835318509069692e+29,9.307498939744645e+16,2.4783932196350532e+16,-38.717835120357734,-25.26569696378766
5.541032023530085e+29,5.393240471294649e+16,5.958862649051256e+16,52.21660102327121,-80.36742696715473
1.1256403216029745e+30,6.44227121953927e+16,7.375948102260248e+16,69.56703924222839,-12.470250286672922
1.160798900432857e+30,6.198483812717039e+16,6.736505959443278e+16,-98.39728739111622,63.661633785495354
9.713935424962358e+29,2.0844426516789016e+16,6.263623123186487e+16,55.93749630124424,69.68010275106312
3.283324184702266e+29,4.66940135294513e+16,3.4874098025723084e+16,63.16585611307531,25.76176811012057
4.714040902911444e+29,9.129377377491549e+16,2.439587504414376e+16,-15.157826420304858,-85.70660488921375
1.2451184118602728e+30,6.133988744191863e+16,5.9426923620097704e+16,-69.37298684087077,56.65839326295685
2.130652975470546e+29,5.181000910940627e+16,2.2672312720319332e+16,82.88872783799044,85.69448028295622
7.090840723520327e+29,4.885234994727348e+16,3.283665247371886e+16,-66.00608883702284,-26.630063063594704
4.581920388432774e+29,4.025580613076002e+16,5676746024407867.0,90.93212895835262,83.15883328866616
7.743335908736756e+29,9.274638474677344e+16,3.897633158301033e+16,-34.83454891834934,59.60728049709664
3.1512232119226325e+29,8.290472649627192e+16,6.2155133817247944e+16,-13.585734347097642,86.71560182273217
1.0735106617162892e+30,1.4526802651818772e+16,4.819619663608278e+16,-5.795462729864582,53.19809453474858
2.848649948131564e+30,8.516254686525867e+16,7.629509713836662e+16,-93.26716921359346,11.432985344827571
2.8522761770688175e+29,2.96527666305812e+16,4.601822427444137e+16,22.910961982456328,-81.20912120334327
1.3662356987913038e+30,3.003074659758999e+16,1533997552485380.8,66.23015429797726,62.04192639589999
3.4208578500822056e+29,3.018843456175893e+16,7.409375014685037e+16,69.17883818182108,-17.013464256263063
5.196093473855938e+29,6.675043022554944e+16,8.649827382641323e+16,9.518105105497469,89.75835189297703
3.2641928976933746e+30,6.002674029825149e+16,8.60050967471697e+16,14.33131446293163,22.023184427643287
6.85158548730903e+29,4.03196156962266e+16,7.681253241518362e+16,97.71064693127192,-8.07953528010215
1.538851257597983e+30,9.399091506849294e+16,2.9104712711820484e+16,78.74577364802852,-5.482241741159143
5.584367212092431e+29,7.399007032773306e+16,1.5120476257238586e+16,86.46100797910319,-44.64224187223218
5.299609595280623e+29,5.68279574425007e+16,3.769479822228e+16,10.362353237524417,45.31017129292104
1.9693032540263893e+30,7.257036339218814e+16,4.03200889252602e+16,-75.1004138079646,73.45155392559849
2.4999944662810214e+29,8.514948345585066e+16,5.954694530332346e+16,58.152273542042565,-17.484918057931637
4.921715767447127e+30,6.951220390784103e+16,1.3290453365272484e+16,-86.95521146362309,0.3780017658185102
8.132207849712853e+29,5.157282784298793e+16,3.5355050664416908e+16,57.19321984693735,-75.17680328101835
5.090408427766657e+29,1.5063857834701928e+16,8080042971996489.0,60.88593966599544,57.741406606821386
7.28896424033061e+29,9.250548404333035e+16,6.5120712921315576e+16,64.1313617954655,-66.60008800921749
4.0337731673107104e+29,5.672302570889948e+16,6.761122136236825e+16,69.2773982043393,49.70776285191002
9.460839336128713e+29,3340242540788457.0,7.436304799652626e+16,-83.8329741713853,42.402182823934396
1.9271225864854586e+30,6.981402603112219e+16,5.573745350090031e+16,-26.5601414034482,-56.173267175872034
2.382270203802858e+29,2.8526824050448212e+16,6.128649532824629e+16,63.58820036827515,-97.86485856428094
3.4789648512955405e+29,2.1768394201271676e+16,7.181981091417007e+16,-90.88659713964327,-55.655829550087944
2.2383558979902187e+29,5.444386379254092e+16,6.159688336544748e+16,-18.067969673741132,44.076699205326264
3.143982332479512e+29,8447669376718383.0,3.2383375938116576e+16,0.9422494004256805,26.093866554874552
1.0864975229037385e+30,5.036128246762493e+16,3.5703088051816904e+16,-14.119403320735842,-19.5537078937261
3.0395530620554046e+29,7.058241537472202e+16,3.904796623088676e+16,-31.899567428437265,-32.39885699220328
5.8663603211662525e+29,7.848739677865149e+16,3.102709664303149e+16,-22.39258904382639,77.44113127055016
6.718243468978287e+29,4.463476455292181e+16,7.670379280515117e+16,10.411710051686057,-57.666336442502654
1.38104120378148e+30,4.373083205146999e+16,9360865889568518.0,-86.10050918190409,44.071128301486254
6.025603898565135e+29,8.005243099167606e+16,5.4122424190820776e+16,-44.223525075637006,51.58291168028276
2.401857104468098e+30,2.1756942850603196e+16,8.782885936329995e+16,-35.42845479265688,19.477494935888288
3.140167962833152e+30,2.5987141234610416e+16,5.511800045022698e+16,59.48294060310573,39.36465811788639
3.805875333528169e+29,2.1637997199289892e+16,5.543883696763688e+16,-43.22555357025295,-36.73680745455095
3.0636707193863383e+29,1267031321269239.8,8.485280230240445e+16,25.055665265101496,78.84426150991905
2.3791602397190487e+30,6.893416248194938e+16,4.824134530989623e+16,-97.1382973516788,76.12494517733276
3.1676940958687057e+29,4.322748069736256e+16,2.343341533704436e+16,64.9829259906073,80.37308917671979
3.6397087083504594e+29,7.211195630927259e+16,2672849131918264.0,-72.8105997950764,56.10626806275397
9.617329632159237e+29,8.705805970622114e+16,5795835151886042.0,52.566099294569824,59.83957051954451
1.0915733594509746e+30,2.147689809957976e+16,4.336165986160514e+16,73.63159506641611,79.9254777458473
2.8362183746582187e+29,5.48388994527824e+16,6788888891464212.0,83.2441892278951,-60.5804127382078
1.0219779000310737e+30,5.198622177675304e+16,9.351437414012323e+16,90.47233786017469,0.34162710705285804
2.9003039133772553e+30,1.2257573938841374e+16,6.368495143140374e+16,-40.18169642578662,-36.673655520825555
3.171150343343637e+29,1.2186844605164886e+16,8.747430675139259e+16,4.18827509258665,91.1999116896271
2.6763205126414414e+30,3.9830034134052e+16,1.579899475781595e+16,-91.68528109978091,-44.478442982099864
1.7111663723995353e+30,2.043678456457241e+16,4.640415487215635e+16,-29.773214030936515,76.60060006333404
3.819509424281365e+30,5.391660740430342e+16,7.0047843828790056e+16,-47.91510704810622,-76.56201184069226
2.6842917995575e+30,9.203019345631568e+16,3.760953447591008e+16,51.6005394786994,-60.16063562452945
1.873748883621169e+30,75201314568830.75,5.6835144825154024e+16,6.9584274860000335,-98.69975824229482
1.0431932570936776e+30,8.484339579050557e+16,5.5395096609166904e+16,-59.41479849214992,27.914038620545227
2.759014447268609e+30,1.0897451359726314e+16,6.929492918235222e+16,85.06641646052924,-46.23523215904912
2.0172999160941195e+29,8.140914790589704e+16,1.2375588400398406e+16,93.53925690054515,24.400499500032254
1.2984215337296932e+30,9677795846851676.0,8.674005129700642e+16,-83.61969349466301,75.64766589927709
9.293786839027748e+29,2.845322297160008e+16,1.3697592760883528e+16,51.375339872908114,65.51803351213704
1.4263906913760622e+30,6.229745645388355e+16,7.914820666614798e+16,-14.944479469979882,-41.29974142808601
7.482386786200657e+29,6.315186528983596e+16,7.1453277909273496e+16,-91.02476076424686,-58.04450574072764
2.543575782756154e+29,2.914020367662972e+16,7231738742388371.0,-25.706168435042116,-80.02765949811044
2.779159911058594e+29,5.084358309856879e+16,5.5872377251738296e+16,-33.807957730191276,76.10120459601754
4.463080484774373e+29,5.245117295978335e+16,8.493704903705165e+16,14.704780572569206,57.970988182433814
5.307170607332964e+29,3.583722438287631e+16,1.0446907536785794e+16,-28.674968876274946,-54.203090212486195
2.1006382694779663e+29,3.5561992964633868e+16,5.5944393942033944e+16,-52.146629069888625,8.381192784962366
2.595136331684426e+30,8.386787923223717e+16,5.881792855933297e+16,-55.20096353845738,57.53463310487848
3.9613860013710326e+29,5.731083618530402e+16,2.9275515155894944e+16,63.726577228376215,-99.5389321804933
1.7323977182438444e+30,1.6573771368140532e+16,2.8222978475292508e+16,-89.16361995529812,-90.48865473587553
8.084509513421846e+29,4.851594578743104e+16,6.943013620329812e+16,-59.39275085147941,-3.5444614740658835
2.3141093276673818e+30,5.5226933796308216e+16,8.221703689570202e+16,66.04370323385905,1.6914593857815277
2.144500690138369e+30,2.4128863145150332e+16,3.80188604845671e+16,79.77955800404354,95.90646467874626
1.0650700923447569e+30,3.666717505560759e+16,7.947426555921222e+16,18.24694412831633,-75.74456840496298
6.802466208965243e+29,3.2696452541256856e+16,6.540022267734852e+16,-44.53162315759642,-70.8902441540138
6.16760223501731e+29,3.0463902340239296e+16,1555274735533035.5,66.67179252878253,-95.19142683571178
7.369366009299243e+29,5361178436152077.0,4.9284438437822936e+16,29.23271191774188,-61.49225379889334
3.3305528522604487e+30,4.526557638120428e+16,6.3599331866823656e+16,89.15428124644816,36.731595074974734
9.780698444721068e+29,6.507254136899021e+16,8731064732425830.0,-28.191127602614813,44.30994485736588
2.013561549550918e+29,6.848463829360608e+16,5.7162021847905864e+16,13.643778014580718,-43.096959780311785
3.622165710634544e+29,3.933810483731082e+16,4.319735604928574e+16,-43.907295483904996,19.860119242397943
7.040477983917027e+29,567659179385961.6,1.5768053681947378e+16,17.086490959916077,-54.707531750411945
1.2157223085572821e+30,6.924373187134095e+16,4.669255433989811e+16,83.86133691739843,2.9971501182141935
2.614831827951775e+30,4.15244916640886e+16,1.3124039653318038e+16,-47.91492270715856,37.93023799763603
9.299193541630223e+29,3.4585937798820852e+16,7.637167695957411e+16,-51.68215009969135,-81.8926731681
1.5579261686648024e+30,8329002529838496.0,5.914990460210261e+16,56.86746975002157,-44.499805442340175
2.010475721929152e+30,5993526602462190.0,9.173811899969502e+16,10.14656903133968,86.8088792817293
6.695091556550292e+29,2.6304163355504556e+16,8.119208088738285e+16,66.6520583985124,-86.40986916410154
9.70098676747609e+29,6.5069273185949784e+16,6.64778639306219e+16,70.97555121589176,-35.5971393908312
1.2074562645211121e+30,2.825846868145385e+16,1.7637921723795504e+16,-61.77785213055913,-91.82986236260781
6.917993561039534e+29,2.5236233915850628e+16,3491460461031526.5,-77.3021723669809,11.525749558744593
4.870363057371504e+29,5.131416003840159e+16,2.816541085452765e+16,-4.623204865575175,50.964394849696276
1.3645400203649632e+30,5.364792492494868e+16,5.56749272870988e+16,2.7347157538059435,86.33413930228525
8.155193463430386e+29,6.220480548299285e+16,7.584911249197872e+16,38.34304118583006,29.772023474589616
2.7221868019367594e+29,7.875516141297074e+16,5154641974987030.0,91.3059855462727,-38.69412497687357
6.2535755902369504e+29,2.8447919644211124e+16,7.713525387562149e+16,-51.51481107834328,95.62916837775185
4.580420559894981e+29,7314065434261025.0,1919201845334849.0,-84.14183613219808,-41.69595499428067
5.009554472092008e+29,1.8728770261457492e+16,3.2922227289222428e+16,51.316200852618266,-41.549457547502854
7.273189586954632e+29,2.32142826753788e+16,1.884570681982857e+16,-10.290282112683414,53.911189153923374
1.495015944897473e+30,3.3067581265185424e+16,6.14723858123003e+16,39.37478842037547,-67.27731551384832
5.702989929525405e+29,2.9802600015390684e+16,5.906357665397026e+16,-50.857160448986164,16.59573494221658
2.2951913494699863e+29,6.492328615438563e+16,6.328528751432694e+16,-21.12177018189037,8.688136733132978
2.155386526568325e+29,1.1827376501969428e+16,8.890998365164082e+16,57.20131606775698,78.45905969560047
1.0576692542878646e+30,3.3032427345291852e+16,3.211950753543485e+16,34.2141345506804,19.276205450406977
8.965296421722254e+29,3.895808378849614e+16,5.027313722942383e+16,-17.476154167595865,85.43063840084585
1.707075997498512e+30,9.132981424586842e+16,1322001183791836.8,-38.64567066480416,38.32503349553764
1.1676545927944462e+30,7.800502564892888e+16,2.1167808814568776e+16,-43.721962431680296,47.40186247433843
8.141766698673352e+29,2.6367579528500896e+16,2.9401978797928692e+16,-14.85391710240664,70.6941694738822
4.3817524435274525e+29,1650118306133795.8,3.553826100503832e+16,53.56575396518676,32.205715467008275
6.31378939794679e+29,8.76133185008571e+16,5.6916015330481144e+16,-20.013150093497487,70.71818127618309
6.424089971839623e+29,6.806730233957909e+16,6.329262981175724e+16,28.13540909066697,82.9377377640428
7.054402352192927e+29,6.40397520753616e+16,8.731538043092648e+16,32.92494371356506,-31.896781914795596
1.5236144352331745e+30,9.241659293985954e+16,4.719049707255802e+16,-17.148725639456288,-35.308506888012616
8.844259547271399e+29,4.0846098874101064e+16,6.052089790995063e+16,-7.927877538285472,-98.44144234498822
2.1243567453531768e+29,5.9948828457202584e+16,5568641816564871.0,67.44986481673018,31.399708217133792
2.2336198289612854e+29,5.6437109416490664e+16,8.700675892987277e+16,7.7280117096700565,75.05555471128415
1.6836776633759194e+30,6.559847685635763e+16,6.015390940188608e+16,-65.9822872623427,36.436346700491754
3.59747986982572e+29,4.767555362567168e+16,7.839494836706664e+16,-45.47010512514487,-54.32520087664767
1.1379324428688793e+30,3.0290117249541148e+16,5.6889276968084984e+16,88.12384185569061,-61.614503803387336
1.5409815809036775e+30,6.925660248806054e+16,9.17078690518609e+16,80.56617228210177,45.09196270681045
1.1226955414948445e+30,3.1387875833071284e+16,682660114480864.0,-10.54095423441828,-27.55963349090493
1.5142789822761287e+29,5.158172054986964e+16,9.02832004226683e+16,-96.56874393678794,-35.762798273761604
1.1835771988947378e+30,1.5124542615354184e+16,2.185191659399946e+16,-95.27493042144084,-87.88991810564126
4.899324305370324e+29,5.083434054135187e+16,8.50095794026664e+16,55.769087450705996,30.128659147513986
4.664928075640871e+29,8.48647508729781e+16,1.6134524011263376e+16,-98.29194610115673,-58.129160445501604
1.407221428331245e+30,2103800846265655.5,6.39433882942861e+16,95.53259472668609,-37.312831786094506
2.3141232429750182e+29,3.4631782267260988e+16,2.364654034273192e+16,-47.999202565154505,79.35420284920522
8.112926711223161e+29,4.609239015308627e+16,251184520196940.0,24.838147302810754,16.02530218724405
1.6200968272594913e+30,3.923448677025917e+16,9.146199925022509e+16,30.79168764197098,70.17885193329656
2.1643963824602112e+30,3.625370246269194e+16,4.959585219461399e+16,-75.15775261475908,67.28534910888101
1.5003387378892548e+30,5.445345413950953e+16,2839279489991852.0,-28.502285141545556,-79.46734246974991
4.62808257338285e+30,1.3941913701324814e+16,6.45797839017161e+16,-21.903171965021826,-31.95348251079764
3.1095186317970112e+29,8.342833349502293e+16,8.89705698636911e+16,-80.60911766625284,-56.45112447685534
1.6861310322439205e+29,2.5642296352683464e+16,6.193943038368649e+16,31.643143704264986,-68.39344819770561
1.096366460554312e+30,9117167849300136.0,8.953153670947776e+16,23.946027325309615,61.14762355654773
9.530494526711557e+29,4.768676170051984e+16,4.535342557219447e+16,88.93283076733115,-82.405085119647
1.1628529617478826e+30,2.7996020607166684e+16,5303258753828585.0,-71.72659625895297,78.52358484990424
2.5446736178225344e+30,7.685802833064923e+16,4.226669473967126e+16,-51.071722236709775,97.2923443670579
8.941454377044495e+29,2.96520475830698e+16,8.652674351052432e+16,55.36316351427507,30.30775275049092
1.542238398524544e+30,1.2718887453923994e+16,803860404258980.6,-53.585930521010816,3.839932754971258
2.5821722927818093e+30,1.0057643243645764e+16,3063890011493252.5,-2.915838344279024,30.183286165952666
7.875898365795617e+29,961108435259576.2,3.2683959476073576e+16,70.0719883393524,52.15133859406805
4.466700544355149e+29,5.801112860851072e+16,8.838816829813125e+16,-97.03314831466162,-91.07351401326548
5.484519308963217e+29,1332812651684224.2,1.204326516510501e+16,41.79105589729983,53.76051870631059
5.048206737952892e+29,8.545180622637022e+16,7.373763140010664e+16,-78.84067956074401,-32.985449312331454
1.0172613909524772e+30,8.946292145977435e+16,2.0600578275269332e+16,-73.18657928688259,65.49910002322673
7.463818234310956e+29,8.220958621084918e+16,8.00058272846259e+16,10.730750619374803,-80.96435344215062
1.670845141827652e+29,5.698176195507655e+16,8.750968291088346e+16,66.58390769465007,60.94990061315258
2.6587122919057642e+29,8.549030271022848e+16,8.999963937896046e+16,-98.65506819544116,-73.96797765900591
7.112562120167012e+29,2.117342243935325e+16,9.036780698566194e+16,-73.14215007284855,63.04831823649087
1.1745354347738832e+30,6.995764990725774e+16,6271641907322359.0,-89.89309237586922,-63.360875373577706
3.152552743204485e+29,9040053037600320.0,5.3915643001745784e+16,97.20837465686137,-4.802767554662381
6.557072251906865e+29,7.685102598063934e+16,9.424629036308037e+16,-77.45473357227164,28.275534934423376
2.1350972079216734e+29,4.431946160252364e+16,5.716608856756841e+16,-65.64424086132135,-56.12737692544529
1.0324944104903378e+30,2.04318189497776e+16,5.688889215301272e+16,42.735492604209185,-83.61251387569459
1.1137405045687807e+30,1.063091394484115e+16,2.451817719450424e+16,18.423440173664304,-51.466106487047746
2.1419010754425268e+29,5.2597550495001576e+16,6.287004683354635e+16,-44.02973005460184,-30.928294122292826
5.650412970048952e+29,1.5870840054239796e+16,6.697508582208773e+16,-33.23975778262751,-58.49213290356794
1.6153959667368317e+30,7.921166433110046e+16,2.374924405794524e+16,-19.7863034711564,67.73142642403357
5.7917646309600106e+29,1.8729829904198244e+16,6.643322588633882e+16,73.5429401341577,-17.47992161813417
4.1386476468777197e+30,9.292112231495e+16,7.103591984582397e+16,21.086783786881895,-92.64355832791367
1.5653596820192925e+30,8.647834304218318e+16,2.8958004220704316e+16,49.26194323132913,12.098591441740808
5.194221450756001e+29,4.352635397146972e+16,3031927172214840.0,43.75119187614084,-24.238221049964423
2.8903710454732162e+29,1.0575416815876132e+16,9.100762045745917e+16,-27.19050465495812,75.72465289562541
2.6440654914781386e+29,3.7261612636923144e+16,9.007364281859466e+16,-88.70066081062657,-43.780311063884895
1.493408735974919e+30,4.172805814850746e+16,2.9757946333526096e+16,-77.96662338460693,-53.84718388649217
7.758546799675289e+29,7465282554432545.0,5.287635984936711e+16,-24.984755589092103,31.803176579843978
1.0735936237590994e+30,8.240855837722936e+16,6.001023738450298e+16,15.427574552494946,98.04292893953803
1.1517857997058206e+30,2.2284658561049376e+16,1392925079129161.8,-74.99977202622254,-46.00297833268887
1.1080336074828029e+30,7.0102687324679736e+16,2.550453213149082e+16,-93.24125954510775,25.31477132748941
1.1236931741114842e+30,2.426330186412676e+16,8.349765781770746e+16,-0.02743936460940688,-93.32992390782107
3.1988802062194965e+29,2.0117681931726172e+16,3.905601539393381e+16,-80.18841375106682,-49.63235546648277
6.24804528968587e+29,9.227204036684323e+16,3.122008867080063e+16,3.4884214684126107,41.35745330834874
1.6554580799411346e+30,5.315661903385959e+16,1.3327019877588068e+16,-78.88412164758907,-9.10038876004522
1.2166165893570392e+30,1.841889994857988e+16,4.3394786104391624e+16,69.71794799543969,-19.060504101300694
1.4224943639958643e+30,6.870809143654644e+16,4.292341939050721e+16,-1.89273555880267,-28.42603475576533
5.761869327519956e+29,2.2814828080008296e+16,5.016568491587948e+16,-46.915440425014786,70.05834236150011
1.0609285930902274e+30,1.2916540059898796e+16,9593988051030398.0,-10.178806843470895,11.860764559903942
1.855905351543618e+30,8.651457250969077e+16,6.2351243072152216e+16,-2.323864272469933,-9.088445404347127
2.236354025713256e+29,4.15344098930341e+16,6.3696458815598456e+16,24.829090179658067,-69.01227870718591
4.101197156777092e+29,8.816425946519474e+16,6.827498178966675e+16,32.38182830014432,64.54711028098092
6.445266448492911e+29,7.017068064037975e+16,1.6557969028897202e+16,-23.106452744035806,-8.961854528813092
1.4837131236182336e+30,4652383840825900.0,4.7759611023153e+16,-43.71643655182969,-61.30354309838027
8.24261258771931e+29,7.480302955619205e+16,6.327738572137834e+16,36.09932347954904,-39.959719938471714
2.0675053072315793e+30,3.158986828908572e+16,2.7174691360937788e+16,-46.588930856142326,-25.053679089507398
4.05076272380405e+29,5.487715608195515e+16,7683671289496479.0,17.9163711198143,-45.09279414452718
1.7953570027274806e+29,7.298571798471165e+16,2.298956940151554e+16,51.881676614426624,-84.56434810999815
2.409499016486134e+30,2606335049019941.0,6.367609839693686e+16,19.692782655901482,-15.705196523643068
7.005636973735984e+29,3.0167752805204864e+16,2.058415933796497e+16,60.7746524285306,-90.45675857854351
1.743358975269686e+29,4.884974398453659e+16,8.110883192164755e+16,-95.73555041792041,-84.92361766727561
1.0157696576492341e+30,4.572205283788106e+16,8208961038993308.0,23.97102618200752,-3.4152578714395077
6.506698991901213e+29,4.7655961043715224e+16,6.553304121818024e+16,95.73723274373606,68.20668893666141
2.2724840686135883e+29,6.222855257869199e+16,6535180968704070.0,-56.3443963655829,-41.055314775251084
1.7306235467593335e+29,7.490989538553402e+16,4.382914439223532e+16,62.717035783941554,-47.66251975193057
2.991125919226258e+29,9.252025259159045e+16,4.842539579927598e+16,84.60706876111465,-7.671110046815528
7.840605691110817e+29,1699041089463841.2,3.648328710403135e+16,-36.87101797017394,13.57354239841004
1.547318533916687e+30,8.540584312138202e+16,539424949362840.9,-54.75439070939843,50.285191263455346
2.2169813073275714e+30,1.408542978588698e+16,7.521101863710582e+16,-98.13312727099341,99.82387501502848
2.6835385424215486e+30,4.035890204994601e+16,7.46581396159429e+16,-25.660632005442636,70.83986432479236
2.2215163468205833e+30,4813930504457541.0,6.51978117979714e+16,-48.568672875180226,-49.02699418495686
1.6048281770990658e+29,1.6169267888117972e+16,4.479354294679461e+16,23.032662847054453,-2.8076099848678666
1.1974985270168791e+30,8.784887040145749e+16,4.128538696863468e+16,-6.025158463372108,4.710104182669866
1.0847063825599694e+30,2.8606673248230436e+16,1.1034439422811842e+16,-4.094577348700696,13.47802150562923
2.33173756255115e+30,9.218651826435677e+16,7.543659600322123e+16,13.07089449244998,32.65448622407402
5.002236180869836e+29,4.070392345660283e+16,6.678179811141599e+16,-22.525496525511983,-19.483937312655073
1.0015837542369683e+30,5.0045328767413944e+16,2.5896248282782764e+16,25.765100134822177,13.351453420664598
1.634870887818982e+29,5.687094796739746e+16,9.003544662793085e+16,16.284115058353876,83.9963490181978
8.515280604737201e+29,2613823663026317.0,2.669447938348694e+16,-46.39812729934063,53.345276481766575
8.482302389352806e+29,2.017409634839865e+16,1.6315677659033312e+16,35.447033960764514,-14.806714976241153
1.2550254328876554e+30,7.366706276622003e+16,3.7571571764240824e+16,-85.5077679575975,57.589592583875174
1.1509826720406218e+30,6.390972659213932e+16,1197903172989946.8,29.556109711999284,-94.0299467591543
5.732718397457396e+29,4.801436941993664e+16,82322063141443.08,-6.393685082430608,-60.889073313362
4.4597931152086164e+29,8.173047248996056e+16,2.405835363191458e+16,1.3959032143259407,-82.30475943660736
9.032913146097673e+29,9853891584783506.0,3791091245381280.5,37.940272627067685,-20.707577006698784
4.2636839478473565e+29,4.715211289915381e+16,5.414036309844699e+16,58.30411384866571,12.061719541675743
1.6527955322432462e+30,4.462491708121431e+16,4.870690698388802e+16,-43.63832594399375,-91.64404336879701
5.981534527479066e+29,2.3007721067801536e+16,4.220479578079583e+16,-97.45800390997805,-58.29533424844411
2.6069437173390484e+30,7.382513646844624e+16,9.219922726556718e+16,51.740413477436306,-22.75680804520968
1.930533956952514e+30,2.143129139632344e+16,8.865780154225352e+16,-86.65208355589995,98.5074823475102
1.35978466386987e+30,2.0051171360525056e+16,8.550619592238938e+16,66.8418023551418,-82.81159869994055
7.215073431291115e+29,5.699070869760993e+16,3.250358254406562e+16,62.55585883002692,62.94826678905517
8.026664831373573e+29,3.526292778425433e+16,7.363378143543898e+16,-60.1988681531989,-65.33291616462706
9.230157510769718e+29,8.576499573877819e+16,2.943696240464631e+16,-75.3125839901212,50.9152933069135
5.667962330838497e+29,1.6487081876745326e+16,7.1546010726090984e+16,-48.198187171546756,45.34126636317845
2.1288003100851856e+30,4.7670544224683896e+16,1.350481792433174e+16,-0.8785576979500718,79.13568088803169
6.277817975282699e+29,1.8768370644956224e+16,1.750710085564417e+16,-41.122490459386626,-13.708153489391222
1.2515087395586689e+30,3.522262521553231e+16,2786745412154863.5,81.5416567113268,-30.465228166608654
2.4247040650749185e+30,9.397070871880331e+16,7.947227924703554e+16,-3.3269787615860054,-88.56502651036249
1.0582236628017434e+30,8.733956847402552e+16,8.623301223061538e+16,-54.149463781926244,-55.03028804009234
4.310913290791007e+29,5.359478488756386e+16,3.4813433942012388e+16,-4.055790310879814,44.27048169653227
6.159773296243516e+29,5.223349243071278e+16,5.1249779241994936e+16,-20.044192090543817,-14.704303647418797
1.9831784664991286e+29,7.970693383422904e+16,8.345891073586411e+16,89.99261814368279,-68.3092232715917
7.894641685077477e+29,1.357408255035406e+16,2.9350995890806884e+16,-87.71544773229698,13.250793872504289
4.727955506911588e+29,8.078143249032726e+16,3.841846998018206e+16,-65.62157942962179,96.26235922868835
2.4574314692467778e+29,1.429770426304222e+16,2233890245919951.8,8.520042616636587,65.93708284032826
7.925649896639305e+29,3.9962490359619256e+16,7.228833769230459e+16,68.37913361855402,81.55540173269961
1.2086053851308641e+30,7.121160233658073e+16,2.9859518181008644e+16,79.0996331288082,69.1186535126476
8.647596250030776e+29,3.752542355843353e+16,3.904991886000148e+16,-72.58574160904432,95.79847332810218
3.2518623722062713e+30,8.591296302527202e+16,6.482297510028994e+16,45.76107473465038,31.715378370941295
1.6629415434346676e+30,5.5979917214918856e+16,8.139480657467594e+16,-84.24298486107706,0.17096280162553512
1.0034352087002045e+30,1.2636664000002886e+16,8.658192540305154e+16,-73.382994656097,-35.42720802317214
2.5267852280371825e+29,5.46619104215716e+16,8.748693472152347e+16,88.21342155424102,-91.98396783766364
4.347476935547456e+29,4.850711984198981e+16,2.3303749103185684e+16,-45.793526659706465,79.1619528058092
3.950622301696341e+29,8.290999806565165e+16,7.149753156884871e+16,-79.06078210378652,97.27758438199123
2.1456329148006356e+30,2.5653151130301124e+16,4.25345870884933e+16,51.52787875842591,20.282903266595014
7.222049965064036e+29,5.248630505411194e+16,4.543739028996988e+16,49.46408470645201,9.827301048269902
8.07125895791676e+29,6.307421808056554e+16,8.180331306449563e+16,-23.773089509621514,75.44881321432325
3.5639944807648426e+29,6395558788411500.0,8.933482594510757e+16,68.49020192476036,-70.35051023606798
1.6655877736378584e+30,8.18960433446844e+16,4064442279742140.0,43.69214772286881,4.385463872478553
2.2779141705584715e+30,6.757073968909197e+16,3.3506308965411348e+16,-43.283250731478894,-60.27293334443875
7.131708680187619e+29,1.410251289374606e+16,3.3717599681610316e+16,-75.45990742569657,5.348312402361088
1.5006808861172517e+30,5.342497426132608e+16,6.4994832028590424e+16,-25.319380075339538,72.86066767878395
3.2563950655727373e+30,9.01455854337918e+16,4.992004533674269e+16,39.79461997504137,36.213457250454724
2.6618418427655277e+29,2.4411485677083256e+16,8.682374906491386e+16,72.99854457811477,-25.386769496431086
5.237523360481774e+29,5.96726612237895e+16,6064596438536216.0,-12.582047139483052,-87.96401894617264
1.8809188248228708e+29,1.408816618638346e+16,2.8261190936377504e+16,93.48007944307645,49.091798275898014
2.723993756234634e+29,3.26851885618821e+16,1.5175703734540982e+16,-46.599801492587936,-96.09113452870469
1.365159466875922e+30,4042006110000563.5,2.4176373273534252e+16,-53.54344234020951,-27.32126663844923
1.0782616279145835e+30,6.414615271019992e+16,6.165696518780899e+16,-15.479205379177913,3.9242723731315152
4.18850873830104e+30,3.2298440985587304e+16,4.260762305860053e+16,-43.01720791790047,-76.69301945515403
2.5092658923185838e+29,2.1233854091699484e+16,2.693498599644236e+16,95.79915380973358,-82.50573839692193
2.4354863344533607e+29,8729044555568120.0,5413971696808268.0,-50.27832800062002,36.66362892785463
1.634336677816692e+30,7331699739075925.0,6.721134288172121e+16,-49.027648754305474,-45.11495374544629
7.208009732719566e+29,2.453100676405793e+16,9.173405765510947e+16,2.3109139207903695,73.62684459220867
1.8334217552933792e+30,8.132304383501907e+16,1.0991547795108206e+16,25.857439713058,22.56988713526158
3.798600997463182e+29,3.5364877667216416e+16,1.6199111368882312e+16,-23.55787013999911,-40.697874287614596
1.9682842622866118e+29,1.3039228297268068e+16,8.418694504970997e+16,89.07539707864004,-76.28463429906525
2.2710934779515822e+30,1.3030758323114904e+16,3.3581722478321412e+16,-9.35597175456752,-87.55805463367543
1.102556208546518e+30,4.41075438995838e+16,6.760053811597175e+16,-88.46270902295443,16.824372401505045
4.077211745679177e+29,5011600767082301.0,6.289260182840262e+16,20.356350264496072,-40.920426169671885
9.01062222605958e+29,1.4489949802602342e+16,5.5852772157630696e+16,-59.46598334795983,24.31680514657701
4.485502800151077e+29,8.316560504783325e+16,8.844318433267595e+16,55.33257406253054,-30.683497254019983
2.3660998763317872e+30,4.801000640737692e+16,2.1417859596547652e+16,15.076049236225074,-14.268037115855876
9.727403443277742e+29,5.069168039910688e+16,6.860058060829564e+16,-6.434015797056091,70.1161164226765
1.6320368656457693e+30,3989826720839663.0,8.454909101259682e+16,82.41276145977784,26.831255452963802
2.3931758872297566e+29,4.546133587322017e+16,7.787705100308773e+16,32.340477666661315,7.3178041056759895
3.0778259351568776e+29,3.4168978896208244e+16,3.844647080620826e+16,6.01457481359347,29.00163079112457
1.0420396759024712e+30,9.012935558596699e+16,9.14733902261691e+16,-55.49372651702635,48.94492436558366
2.0329964539888498e+30,8.540895182585902e+16,7.080811006702199e+16,54.685561860713506,-59.833292647366406
4.085380265624961e+30,9971161255714404.0,7.190114478889295e+16,64.9167630687156,-45.76751425964653
1.7078919577840193e+30,5.533388967654351e+16,3.1128599724391628e+16,65.17282376161955,70.91910805790644
7.837750261894724e+29,7.576428350373277e+16,1.921587527732498e+16,89.55640664228966,-28.749132603068176
3.240865571705354e+29,9.27075966291658e+16,4.546821172306367e+16,7.36841414364568,3.0149930493401484
1.1734299476550565e+30,5.1138908892482296e+16,7235014107143220.0,72.08568468251474,30.926406033907938
2.2985559791613905e+29,4.522416839123166e+16,7042468503591022.0,-57.05840746753492,38.35506772606192
6.294728635279541e+29,1.0271551451880708e+16,2.01916588344534e+16,45.574015718224246,9.794635071502796
4.073513099269363e+29,7.352297373089048e+16,6872455394914882.0,85.90276906288318,15.258228274134282
3.228698946830949e+29,6.989852681761987e+16,6.616510378662588e+16,76.59915333148956,-68.79093838540453
1.0190063390853703e+30,8.50707122890212e+16,7.0732149578083384e+16,-3.0292637581603685,72.75720155918825
2.6421006123370677e+29,2.9366925604598104e+16,3.893170038197623e+16,7.535989357608884,-70.02743957761801
1.0225310733715731e+30,3.3147492073278424e+16,7.630804606619835e+16,-40.73650164417055,-77.93020765903356
5.8331089929427605e+29,4.165433293759484e+16,2.644657169126371e+16,60.22495760030134,-3.453941419949061
1.0507436814460732e+30,2.4981104724276624e+16,7.93569560947766e+16,-71.18870785093038,40.68193358819738
3.701935108272069e+29,6.712861835672088e+16,8.006384979060501e+16,30.729131675854035,20.054570252776955
4.2372786255444906e+29,5.987438135926325e+16,2.5137866943728948e+16,70.86728746776157,40.178998399963746
4.146474476612716e+30,4.389737680419574e+16,5.540832237950007e+16,94.80916152546965,-22.23811879238565
5.649715758949922e+29,4.810118809209298e+16,3.56082377846128e+16,6.687060163204677,-16.73859647345124
1.6152702852918055e+30,2.0576865262142644e+16,6.286748622084958e+16,16.685518377488435,22.98645733213405
2.7076054376480932e+29,1.6743520579724262e+16,7.977984540288277e+16,97.6518117942216,-8.456298124667484
4.1905602149295845e+30,6.567337823003722e+16,3876701649188417.0,-55.01846755406796,-13.773237336618976
4.0783342008128715e+29,5.0743452378031736e+16,4.245641102119117e+16,63.56490700165838,-26.209339399524993
5.906861557403244e+29,1.844086296876121e+16,3.2739373539046684e+16,-0.3721708289982786,-7.700724642053402
1.562369588944589e+30,1.5105337765174008e+16,8815170603830684.0,4.15169902239883,97.13681796459488
2.5482753756262766e+29,6.614313206524361e+16,6.944970820640125e+16,92.97242631844367,-72.04210810322175
1.201526107744138e+30,2114521060238075.8,6.333716710403432e+16,67.75459247158815,81.23503249294794
2.045727273989509e+29,6.821859956353495e+16,9.300917400203437e+16,-62.121354357394274,-53.75196067950123
5.553630391370775e+29,2.1275129760173868e+16,7.512009313972982e+16,-75.0501098039044,26.282087536372316
2.3936551201858724e+30,8.097461581989264e+16,4.697304496969233e+16,49.78941865131674,87.1554161432554
8.613779404654608e+29,2.9231359730210056e+16,2.4219319072953548e+16,63.56381415753805,92.59327338498605
6.1161292853927456e+29,6.35310826216167e+16,4.197232226065009e+16,94.2332403916306,64.32004925761305
2.2523399002498402e+30,7621193461827351.0,7.547168026788253e+16,-17.116019973919833,92.39291137515187
7.120574704934837e+29,8.723247183448885e+16,9.424118714551872e+16,25.98169899129374,52.313784498659146
4.2237968239919844e+29,5.945266418124008e+16,4.472892409933186e+16,-51.38794535739333,-77.24463493746212
1.1256146066096727e+30,5.46018321020349e+16,2.915249082022427e+16,47.45999802623325,7.165215637806568
2.034068750920272e+30,3.953731443645744e+16,2.804548520557526e+16,54.0951552511863,-44.73905956932005
6.868804040984835e+29,5.465997150342875e+16,4679411310984467.0,6.432567485916408,9.970326093811693
2.077984859826577e+30,5.468334688610371e+16,9.104454211706754e+16,88.94692353425023,-67.11101732753677
4.152918113658792e+29,2.196682097880045e+16,8.256247372821338e+16,-9.86173368108021,66.97048354423643
8.834785655615792e+29,3.2104348374434896e+16,7.496432608673347e+16,1.5650576728620536,-63.68147636349819
3.688407715733626e+29,2407554834306763.0,4.227272755861343e+16,30.51469709858941,54.04439612150051
2.840602918946645e+29,1.6071371005496676e+16,1.0065348358567184e+16,65.75017641470865,-72.16763513718014
7.890383305912994e+29,4.543695926729325e+16,1437688017498144.2,81.73208186267374,85.16049148860597
3.506733455490718e+29,5.1397862657325e+16,4.358713216399166e+16,-26.36214046828718,-20.171572104273892
6.875940740297152e+29,3264046233059576.0,8.331112310934773e+16,-89.47626571153407,89.09910062575258
2.6213980424576766e+30,1571319989312920.0,8.098982706148376e+16,-36.7429336715817,44.233586412069
2.7651415734453877e+29,4.569451816259713e+16,9.09416536865622e+16,-1.250890591268444,-51.448214602464134
7.777800578065337e+29,6.473452880774871e+16,7.84660359233125e+16,-39.42623317010088,-37.61102201234343
2.653312663894363e+29,2.016251957268381e+16,538851210540246.5,99.60191628739997,-32.4089743729937
4.045758171544766e+29,1143817159512158.8,5.716630771714904e+16,-17.26162214854881,57.90810827578966
2.380954141840255e+30,8.184066151320088e+16,8.829506990616184e+16,-69.56481355847508,58.07924371671646
3.854478586936221e+29,5.5785921387798456e+16,7.33382951875373e+16,75.61088340625622,79.53738375439741
3.396299659449752e+29,7.937585889029373e+16,9.383849414348875e+16,17.781996763956272,-87.68216185092339
1.939478343604147e+30,9.206793162853728e+16,1.407829501241194e+16,-10.097885256505165,79.81122052415745
2.632741560192001e+29,7.078087300906555e+16,3.1374238726650172e+16,94.69259211754644,99.9736195024283
8.138700111273306e+29,5.698196341603015e+16,8.338621581282434e+16,-2.1593228895398227,-51.33076128491489
4.6730465062195696e+29,3.5825837346826076e+16,8.781931682740936e+16,-48.835378745815916,-13.371707309793607
1.0633784983969133e+30,2911230167772318.5,7.046678004979167e+16,2.725659137535885,-53.78166441721612
2.269833754653466e+30,8.559713457990694e+16,7.047720389495296e+16,-6.6372986209671865,-31.555238326726908
3.238402682138076e+29,4.7834782135733304e+16,3.0619719016940424e+16,-42.656744006095295,24.128913403356435
7.933245726493362e+29,8.267342289946494e+16,1.3655890585244106e+16,-61.610933359757404,-38.077268747382575
5.351134872924693e+29,1.1364519402068726e+16,6.114667629077708e+16,39.10958865872715,-88.25330989042357
6.405475946204195e+29,3.642385917780904e+16,8.503045132164514e+16,-7.580662741435006,-35.867269691709296
9.702453927225315e+29,4.213512566006799e+16,1.9970930239850868e+16,-51.68679744460158,51.18494768303685
2.0417760081200555e+30,9.34419021289241e+16,1.3840991753916524e+16,58.08092526526394,-93.39361369989543
3.3103109838087636e+30,8.073030728648091e+16,6.684634877277335e+16,-33.16534198099079,21.29725861928256
2.335847451746124e+30,8.819173188289752e+16,6552111902147911.0,56.16696888067386,89.7903024217076
5.027176152936495e+29,9.382684996518435e+16,5.322566783111961e+16,-23.59267373208347,-74.4796608397476
3.428417396261976e+29,5.344898490910057e+16,1.0902308290244008e+16,95.39692907943723,80.18419486954781
1.1579478083260865e+30,3.371435379397931e+16,8.368163114195453e+16,50.99178611352741,-83.67766107055814
6.0905161933130855e+29,3.238906946242528e+16,2.6468049377103176e+16,-42.56001179426174,-36.60278931268446
5.766414354312908e+29,6.17325318814801e+16,7.41128484693735e+16,52.12788232897515,19.593212716985065
2.9709058095524116e+29,5.0614093155555624e+16,1.1945510593907974e+16,80.92553084734797,50.955692024770286
2.967063895653878e+29,4.706717102928651e+16,3.1466231941643856e+16,-53.27326639563783,-0.7613062699396664
1.9482957188732375e+29,7.102054884847281e+16,8.67924328595287e+16,97.88680294892856,-33.01857293725281
3.786113473459872e+29,6.812947542842232e+16,3.1702168779704916e+16,1.6863602399153734,-68.47378657680581
8.016000024553608e+29,8.804972961765686e+16,9590421674520254.0,-50.13199379948241,-10.801135833636238
4.2315035458148775e+29,5.712189767067913e+16,2.356664425235837e+16,-42.36448742703065,57.77179931715412
5.4781903867111314e+29,4.494754334799229e+16,7.632996398175312e+16,-91.48075805878825,19.184128010663272
1.40529852109786e+30,6.822647051939106e+16,3.0334049078629436e+16,72.55586061735315,37.14470229093996
4.627364585226074e+29,7104662213617231.0,8.56958625478118e+16,-41.132781089955685,-87.34767556837994
8.504137054282769e+29,6.536489260299997e+16,4.315328671083302e+16,-48.029262848284525,-67.5164113205783
4.3584189827471896e+29,8.151140609545083e+16,4.03384252702988e+16,-17.907971182023758,54.52123905482645
5.494323799272815e+29,6.5685808627697256e+16,2.7263997858236932e+16,-71.28339942309685,27.75604900279515
5.572521940892907e+29,1.980922742847935e+16,5.171492148487669e+16,-60.8443531642719,35.24428190444644
6.1304724945271296e+29,1.1195586798787524e+16,4.131026779384421e+16,-9.401168361186677,87.45337920554536
2.0154287350162977e+30,4.773287760686026e+16,1.2171267885384604e+16,98.0409268376801,80.2480137396353
1.2022556514995346e+30,5.625856873943864e+16,2.9973360486540292e+16,-77.55023979191596,8.791293369597255
7.42438054501052e+29,3.586637906297802e+16,1337255454358155.0,71.16700800823844,-13.33377532356397
3.167195150259931e+30,8.88872129807593e+16,7.198726108528316e+16,-30.184246784451815,21.135200366464034
1.880139608044543e+29,1.8700689930178524e+16,5.1167533848658456e+16,-11.980550870216632,-6.741130641153006
5.4550108328902325e+29,1.1264566552889342e+16,5.007224850287339e+16,-22.4525498054182,-35.822203577359105
4.834986813998847e+29,7.398007601780048e+16,6.0727738825202424e+16,-72.78528762355506,78.910942342466
1.0554930617594316e+30,5.557330992822491e+16,3.590364362466159e+16,46.40988370102218,-96.83403116941057
2.706866784911487e+30,1.959383529153163e+16,1.0628620773093174e+16,90.50398041650715,41.66452140013874
2.583443700986007e+30,2.6791272974794204e+16,6.095748593094838e+16,57.65107697946007,25.05600046502208
2.81986317400302e+30,8547134331054224.0,2.2237971453123188e+16,-86.04968496911538,61.404866894044886
2.4688305844458166e+30,8.20441007976646e+16,6.544555590766558e+16,55.998164310023384,86.26134663976865
3.0144632694539015e+29,8.360328587678286e+16,5.340283831820661e+16,1.7513149928153808,19.64989135013451
2.9152423875863297e+29,4.713422030524105e+16,1503805047593330.8,67.07402376848094,11.931750461347107
9.830484406812425e+29,2348155213550124.5,8.891139963005666e+16,56.79676826077784,-7.759467968043367
6.975802287532934e+29,1.3069202352606138e+16,3.5740721544964196e+16,61.46964983066388,-30.48420612989932
1.8012484106802183e+29,8.536363284467634e+16,7.97733300534403e+16,-35.9628617030416,80.51754947465002
1.5608463093207857e+30,5.837730501062229e+16,3.611580494098402e+16,61.51677754688433,-8.709377578826533
2.5962398737395293e+29,6.611076187238083e+16,5.109001470521371e+16,-78.4575647324675,-71.38492225276318
2.4091167678091499e+30,6.407964778982493e+16,1.1116484523355774e+16,-89.84915211800835,-29.976763792494992
2.0800781826353107e+30,1.2290070005038884e+16,3.964698241676174e+16,50.6462679892862,30.950746570121936
1.068303160683628e+30,6.568028766299531e+16,1.8360711164765292e+16,-95.55538451212607,-40.59452751913961
1.921785291042857e+30,6.316383736236135e+16,3.675793808243489e+16,68.2265221757138,85.98302292049732
4.1715829499978485e+29,5.205464455651072e+16,5.46446622544653e+16,-93.74398782133795,46.0200247149659
2.0217055086943584e+30,2.969054551330679e+16,6.72927323782299e+16,6.126766665692159,24.42941675445485
1.0349237730781042e+30,1.54377721558867e+16,2.413501330803297e+16,92.48195837699475,-25.13194622842336
1.0323105926840733e+30,9.150018992842776e+16,6.7810659534911816e+16,-69.95709424636951,77.83285825732892
2.3531837575973247e+29,1807437607216983.0,1.590410231682033e+16,-77.08058432514127,-9.66335351926007
2.143215801269891e+30,8.444986526087882e+16,1.019722508958453e+16,-75.51336005203353,-49.61915794251976
1.5260967882131149e+29,4.4138894711135016e+16,5.551042608738474e+16,48.03734689962272,9.438289741173733
1.1376288697791872e+30,1286185225569301.8,3.720374258817825e+16,76.81088239075686,-97.4565564424779
1.9152539532253744e+29,3.0361652374275508e+16,5287023764262782.0,-95.93796277659376,-37.152893831494005
3.958071753745726e+30,8378969171199654.0,8.869124958172885e+16,-86.62887071374945,-98.23753698283568
1.9195364714803967e+30,1.82831023484634e+16,7.632673998324093e+16,-24.035816799976146,-79.7153009129034
1.9989443278276697e+29,3.0862856610619376e+16,2.6959805113977372e+16,-53.53666126140424,-29.834860528445816
8.619891625233732e+29,4.644583656048421e+16,3.4549542237620736e+16,78.60808762184283,-18.135000821525438
1.7469082666780194e+30,3.5380041816408256e+16,7.196202859840907e+16,1.6402557845858183,91.32920037719043
2.120058753290014e+30,4.782628489599565e+16,1.0370961351454088e+16,68.46374910057412,-80.27780163361106
5.4414961674913385e+29,2367356933203656.0,4.9576219626839176e+16,49.78140821316961,70.29099497232426
9.106188262738848e+29,3.2870190339459964e+16,7.124460129901741e+16,-62.807073377144995,-35.682003607427944
7.909347892985236e+29,1.2948813429755864e+16,2.907257702762509e+16,-24.893546687161788,-78.4721266129143
3.228644344201524e+29,3.100152169383142e+16,7.908242998965726e+16,43.435883664440695,96.62650353741674
3.1766837062072616e+30,2.6066872106610796e+16,7943082098566795.0,-49.470383554326226,59.709142958892215
5.4182909788602645e+29,5.0542391887029496e+16,735263820933898.0,-92.17707213682039,46.77761894474634
2.961808263644127e+29,3.292314196810518e+16,1.7800233828414664e+16,6.822978715127874,-6.843161663267921
5.561308878149196e+30,8.442394540872392e+16,7.415625001396171e+16,39.99378522275393,-86.28830917894734
6.183576770802831e+29,6.635863509855137e+16,2.722135161140482e+16,-69.569003450067,18.394585889725164
1.2554742406281266e+30,3.962967176630293e+16,8.8547523660231e+16,47.64651740522018,54.7300446156452
2.133815561596665e+30,6.391929247049622e+16,2.726132105779114e+16,-68.48876607047472,73.91902841284198
8.379769393680043e+29,5.727467875991195e+16,1.7316731618561732e+16,-32.735781259966885,21.55464718563516
1.0658336001962146e+30,4.225426003906341e+16,6254770663957360.0,-10.462401217561109,-3.5929956129919276
3.585794155263714e+29,5.0116140400071896e+16,3.8653181884749176e+16,14.621327547574637,73.99195382433686
2.7565816088497565e+30,8.009148179097533e+16,3.543434117932536e+16,33.71927506385899,-17.343574838624647
1.6677060987547415e+30,4.5626038838066856e+16,6.642048238441257e+16,93.97453650076068,85.7209947583867
1.9260183544872735e+29,8.108191666027381e+16,4.6948664422722696e+16,20.335861283423156,79.51073455632053
4.79446412821639e+30,2.0414597432362612e+16,3.9876584315714936e+16,32.60532046349462,-85.39204155251679
4.379172023913181e+29,2.9521689434118156e+16,7.574703219168878e+16,-15.919715882784075,33.598312789879316
2.4201022452481374e+29,1.7586394645783252e+16,4.7071387405351256e+16,-91.51981589610212,-74.14108191140213
1.7864768145541628e+30,3.736887898430709e+16,2.8215426155620744e+16,-32.5453320688337,99.56313937898977
5.632941624928933e+29,5401837388211106.0,4.2306329503454984e+16,3.0093179461267567,-63.385378200436925
1.503062305330845e+30,7.686193662672661e+16,6.9962741492182536e+16,-71.0655301077423,56.404899682920075
1.1084283083051964e+30,6.926564506044767e+16,5.264951992189017e+16,-5.933275004886156,-55.79978254549549
1.674706076117479e+30,5.696844347822582e+16,4.85351083334835e+16,-32.95790441142165,-7.455469686943971
9.691396518343415e+29,6.988822486433302e+16,6.8136203699045656e+16,26.929709577770083,60.866068267945025
1.6617207059328092e+30,6.553288206191469e+16,2.3699451780941308e+16,-53.47770697216547,-76.01787213449947
1.0815996248612233e+30,8.888668179113186e+16,1.5326193354677744e+16,93.40268401946551,-84.16664424639772
1.144235476252263e+30,7.655825089900245e+16,3.0445535169442396e+16,-43.368563932934464,36.23018623211246
1.1592646286639154e+30,3.493207868074538e+16,4.460865636474197e+16,-53.126309312115616,77.3556189899304
7.846880182722857e+29,7.334501429976688e+16,3.8007304671009704e+16,-51.39656325873476,-23.94166247548148
9.588671881466362e+29,9.165894821279792e+16,2.4731164543008044e+16,-42.9350156853358,-38.63196274312373
6.6217789709729e+29,1.0547412910009616e+16,4.047041154191795e+16,-32.15590131508657,-39.00791285479368
4.5419322362786075e+29,1.8438382734876544e+16,1.6770646817327416e+16,50.509148939483254,34.458207977334695
4.464503453206614e+30,6.969094453206716e+16,1.8401891120928696e+16,-74.80817712234015,4.145454529072936
2.0400298981522983e+30,4.843941458223822e+16,3.857733792078327e+16,-62.3548272392106,45.585506805941236
1.558377932089884e+29,9.293012852931419e+16,3.5716235309631944e+16,92.25389541904252,-51.77195513380761
1.5789376240433005e+29,6.869793196113674e+16,2.5344659404881804e+16,85.21368205167056,-19.317659909300033
2.5831305906823148e+29,9940769565074748.0,3.7030605680296616e+16,91.1152688168961,-47.62995524381972
3.790950957593384e+29,6.954626782110549e+16,5.6117293118501384e+16,76.34912832401136,-21.90465221388797
2.3825094071323682e+29,5.1204261772270664e+16,6.701403482987428e+16,-55.29239774089216,82.28417081063094
1.601294993232231e+30,5.3983528811551864e+16,9.159115613289536e+16,94.33537159334179,85.5193704278698
2.5367346766891336e+29,6.270402323519165e+16,3208295648146122.5,86.04351772832868,57.98333833075887
1.4217621028065285e+30,3.47870790563771e+16,6163967505291352.0,59.29563552226779,-88.08298442604826
1.0228733590351711e+30,4.354899363559382e+16,3.551248994522087e+16,-82.79715703898209,45.559206275544994
1.5786293447526217e+30,5.413504235973041e+16,4.1004982524607144e+16,13.44915143058148,54.7104719302948
3.400098371800343e+29,1.0636379989302308e+16,3.760363201005533e+16,9.87815950237605,-62.80875990645303
2.3111995280851564e+29,9.007148537101523e+16,4.782707020356768e+16,-24.73038217583546,-5.311381683406992
6.1359190498937074e+29,1.0058850240512632e+16,6.9413876839236744e+16,76.02478243738139,-95.80249702742493
2.3450073325432484e+29,2.281172459822939e+16,1087750938575405.1,96.62331446258588,7.848348537001357
4.9338022109897535e+29,1.8820022050433876e+16,5.7717751728346584e+16,16.48358613250703,-74.60228437645307
1.225031979642604e+30,7992004591888438.0,5.751299089422767e+16,-84.06396155509694,34.496684481415485
1.0731147214370149e+30,4952417985939167.0,7.1184748815484776e+16,-22.016205027223307,-3.7481590585386897
6.136614480169588e+29,1.4402702752188798e+16,2.759294866942942e+16,-23.26538364722657,51.27490171947096
4.8663289099074315e+29,2.1238994047407876e+16,6.881271418858298e+16,41.91346167089483,48.37182387372886
1.9403075174801427e+30,2.0154847342555444e+16,1.3406934906960352e+16,-53.48585756011994,-5.841763342320917
4.4054385289804284e+29,5.8581331135678936e+16,1.4610137127673416e+16,-11.49013036532169,11.57324506098962
4.624612779541315e+29,2.223070661259503e+16,7783964417279305.0,14.379197305339403,62.390087930881066
1.8978034526515017e+29,3556451664719283.0,2.2602834186396344e+16,35.90223587378455,95.58834291671283
3.219161749439077e+29,8.929400105358862e+16,4.853237921636562e+16,-48.13527931011527,28.547041285029366
2.253272726323342e+29,4.369194962563287e+16,595256897071789.9,91.12860400159249,22.351393929402576
5.646279886674037e+29,9.187132553329499e+16,8.206347835693854e+16,70.34445361923918,38.54270466445928
6.941261821738265e+29,662510925981914.5,9040506069113892.0,-82.69314717730731,-95.21178417621812
9.770345156700373e+29,1.2631592815112798e+16,5.618012955124165e+16,88.11164705633541,55.1847223203323
1.9950506393171744e+30,4500766481850334.0,728314686292868.4,10.617398561304839,57.57969246231039
2.3173149609107008e+30,9.255859777668624e+16,5.458725809273854e+16,-8.808700637644733,-67.42626472907902
2.148051045673732e+29,7.57326477340741e+16,6.037077152387115e+16,-30.648012183961626,75.87384928321242
6.013879339340341e+29,9.098961150397483e+16,2.097047930974301e+16,-43.897232829889,-66.93838994908785
4.006540511994879e+29,9.193986244317768e+16,6.524759225688143e+16,80.02818164934826,61.00609523821433
9.206000639506461e+29,8.348557082148342e+16,8.873991902874773e+16,20.796026103268204,-23.72673210175438
2.0078033593439262e+30,3.904536450256614e+16,1.8534964183562784e+16,19.305000718277114,-82.97068432344975
1.9650319491945802e+30,4.445936478078369e+16,6.5171272864028904e+16,-55.935627202227046,-1.2902543225817027
4.5142673894888384e+29,6.432450952899569e+16,8.098782675313803e+16,46.7439577761339,-13.446994293706908
3.659362115573736e+29,7.038300445302984e+16,5.067912730086637e+16,88.197891722836,24.091844811192416
5.6608795441195995e+29,6.9113647814968184e+16,224351207245556.12,-23.044955510120516,88.02608059911864
1.5514700002948788e+30,5.6260288685619064e+16,4.570258919503426e+16,-49.4205706130306,91.61860983504363
1.768444921391351e+29,3.9023104339341704e+16,1.1050295223678356e+16,-11.27446625284476,-89.2788961153557
3.8809828072930205e+29,2.594703698075602e+16,5.185923883975234e+16,35.42840652002238,-2.8076790398837517
8.990930947625215e+29,1.3736004879007136e+16,2.0235240793585332e+16,-58.69678095045903,-31.492631279566496
1.2581665393719363e+30,4.01298679624269e+16,2.67679067759326e+16,-89.28296752851203,76.61569339141886
5.585214263608092e+29,2.1645868649318196e+16,4.1752039371133864e+16,-89.16673905496393,-23.8637696192838
5.342944784795302e+29,5.401236013759277e+16,6617616785416867.0,-79.12362625469919,-78.99447010998743
5.200600575823439e+29,4.4636673608021336e+16,5.573917225186963e+16,-67.27237911297621,-53.863955622473256
9.524343721098986e+29,4.843661266470963e+16,2.646448676029771e+16,-7.675648086899983,-13.980384450664758
2.146375977688114e+30,8.446606176785182e+16,9.086618905801715e+16,-55.21948858568619,-41.31228202341648
7.263015346642994e+29,8.992006790839877e+16,1269786638717594.0,49.792348756408614,60.65844830040547
8.098404340378774e+29,1.218631162496488e+16,9.113281883411966e+16,2.7031288512645375,-42.820827482003885
5.91174643593412e+29,8.251596277358949e+16,6870905958904616.0,-4.113659213436492,22.888123018424352
5.234886142300873e+29,7.378902357159413e+16,7.725450885973294e+16,-76.93866801051911,31.796651631344588
3.975544471443302e+29,4.724032575202895e+16,5.960982239920474e+16,39.39330071162496,-84.43844651612555
4.8531613648717654e+29,2.5310144462171124e+16,1.4767468802534274e+16,-16.662250707196648,-55.28664494355866
2.3503284479049e+30,3.46291827745279e+16,6.6739498717737784e+16,-16.933675720979437,-16.40975933494633
8.535009632325503e+29,7.537764649870931e+16,8.113856066559147e+16,-18.239910212260142,-14.605086722568444
4.321091338178054e+30,6.21567572755858e+16,1.5914294205122924e+16,-70.7223638086,-88.72946852581151
8.081005623338218e+29,8.900444376610581e+16,7.904213997242986e+16,-47.38843850872654,89.93782003821758
5.110782247067767e+29,7188866567923629.0,2.415585895755067e+16,-67.62006089218099,-2.476460041954766
2.131518529344861e+30,2.1948446611612492e+16,3.035797616761322e+16,65.1108396191267,-9.755131629525408
2.112833326402998e+30,6.72899472128662e+16,2805402301320448.0,-0.6494857398832323,45.81232647034304
6.899677055373328e+29,5.3622292938246104e+16,4.755914932939414e+16,30.503659135951523,-85.75860445118153
3.7072820196294326e+29,6.6975122315028936e+16,9.002420502072138e+16,-73.2361305893176,27.49547048172603
1.755491064811731e+29,4.572229338117111e+16,1.4292433362090076e+16,-7.455132344802081,-95.25152816185549
5.559845232258132e+29,5.502756842240929e+16,7.43655772555304e+16,-27.317555790292985,73.21840588032259
4.195636750896181e+29,7.744924620350246e+16,5.421981160149573e+16,-23.463820454539942,-28.079970934014327
9.223907557364151e+29,4.388079208812483e+16,2.3160168520259044e+16,74.02486911262298,54.32755634416955
6.761516866345829e+29,8.599389945269093e+16,1.7737696742042218e+16,-63.234961132726795,-37.18551602282183
3.2129898543868756e+29,5.054034618981511e+16,9293019113902408.0,-94.29475498251773,-0.13618978175315988
2.1832289771262157e+29,5.248468153059701e+16,4.259164262900643e+16,59.61799757070284,72.72095013964127
4.146015567995058e+29,2.7079620333470056e+16,4.14961938001671e+16,91.1454309243158,28.187342995657133
2.5715789554170047e+30,2.1685891356353516e+16,5.836806846896219e+16,58.600053841426075,-72.57144625580466
2.9898352754776283e+30,1.6503803277815288e+16,1.517697285513976e+16,-27.724867428018896,-69.61464400456933
1.7944468887604512e+30,6.427921143387899e+16,2.0163823493957396e+16,53.73519629902654,28.151189561461507
1.3568490432851274e+30,2398951920045427.5,7.1480819879746344e+16,36.382466773164396,-34.02235458918727
2.869108966164768e+29,1.629207629840521e+16,6.871939565488706e+16,-33.408033809022726,-53.24400349223568
4.638757577796784e+29,2.9494062157210856e+16,4.085090987305747e+16,11.862621170081951,-2.99900723143422
6.332412952084245e+29,9.158860354663885e+16,5.107712955258205e+16,-62.217636420721135,-2.8337651747184935
1.0738885442310622e+30,5.144039441722292e+16,7.095492142739776e+16,15.946183266578856,-63.75041726628974
8.968952120203112e+29,5.676457638817102e+16,4.0319635556479096e+16,72.38315583002114,-77.92193859314081
4.770158985917048e+29,7.480021859201654e+16,4.5913306629876664e+16,-83.73696082643988,-58.05425259590544
6.312561275875705e+29,3.655285370554187e+16,6.819096037470846e+16,45.42532641728923,-63.23853838597482
1.855015280046747e+29,9.125480042962872e+16,6.467126998494884e+16,7.400182157182812,81.16942593868472
6.711542386132384e+29,6.833788636291194e+16,3970462297946492.0,52.521150184628425,88.10545921438776
4.816194694484668e+29,6.775209512793966e+16,3.143102037794142e+16,56.02979187442685,62.237399691210356
1.3310413830313542e+30,1.7130321979180552e+16,4.719912591844261e+16,90.20018665115958,-51.02623278665275
1.0903554954344222e+30,6.0352562451781544e+16,4.323366161939457e+16,-2.893392423051182,-54.46773870264201
1.633493203410567e+29,3.995321500339603e+16,481428735512505.44,59.05440770036142,30.36031261449824
4.9868601263061274e+29,9.184748399126306e+16,2.823365800231551e+16,42.317667385114646,-28.330943627836902
4.38760540454971e+29,6.100912687233735e+16,1.379223098811325e+16,-58.81178605598254,-75.49197239228478
4.570215926842517e+29,7.439446086443312e+16,5.133846834654303e+16,-44.36935633921011,86.5737679765376
6.295775539232888e+29,4899198625799001.0,6.73512679118293e+16,3.844830559854543,86.32127076941288
2.151276983423936e+29,4.3156933694134184e+16,4.159969999981752e+16,69.79237466585735,-70.55637218300225
1.813414317574632e+29,8.628889708807283e+16,2.052201347079792e+16,-70.41666645940839,17.180049695358022
2.260034772973627e+29,4.767095742163524e+16,6.408245118298849e+16,70.17948279249754,-1.0104193301697677
4.2623808362241126e+29,3.900120171643823e+16,3.104817419263298e+16,8.77514144816864,-11.939366718545344
7.485423555418489e+29,1.881170162090719e+16,4.722718199872057e+16,-16.34381672317862,-38.92049809660505
6.490155550843149e+29,1.9566714394612856e+16,1.3392930729308194e+16,90.41568704995552,70.79053482831043
3.79582982064959e+29,2.307293069667128e+16,4.612944425889875e+16,64.12547053608398,1.3538372070795077
1.8762323213171527e+30,2.278140574308947e+16,4.810150669755794e+16,88.34607987034514,-39.80776340858219
4.0034597864684064e+29,2.698076890137648e+16,1.1578825406795436e+16,8.835586401470223,-18.12849110302497
4.9008418212239215e+29,7.512669416338486e+16,4.258096120498035e+16,-79.03957325441755,-39.97661150559717
4.3098337700464864e+29,6.031786701240135e+16,5.283595739392936e+16,-70.33349569566275,-49.9102555967782
1.1877244531799175e+30,5.136809106759757e+16,8.795531432768315e+16,39.786987721695965,-66.95775996722371
1.3441479848868466e+30,4.97581862108197e+16,3553705928037318.0,84.36457564693231,-54.18540894114692
6.0266799696870455e+29,5.006956732306771e+16,6.320713476189917e+16,38.187441341378644,45.49022242777522
4.013586543057155e+29,6.448237682396749e+16,8.691233926872006e+16,38.19403667729796,-82.56345878297728
3.746791948955522e+29,5.293971330396096e+16,7.027684741760718e+16,-54.03981585197353,49.3161411397283
7.641572125919571e+29,4.945464387392687e+16,2.731315459457042e+16,10.006328307050751,35.74077198045896
1.7872712821753747e+29,8.755346425114456e+16,6.939594888590897e+16,28.062665808872936,70.67165841820841
1.5453914219933824e+30,1.1674318705938692e+16,2.2334418393567056e+16,-81.02795134220189,-8.800688163388728
3.691669564864682e+30,2.1328850858406372e+16,7.4775805565046e+16,-93.92538465658917,-48.17739759584487
6.836657699944193e+29,8.866967929288378e+16,3.4118539265182076e+16,-24.384353896635332,45.497513394727264
5.8922081771169865e+29,2.415689778137768e+16,4.31450794202271e+16,-0.36869096638483256,-43.438262713300006
3.0681107872843284e+29,5.738636018903962e+16,9.339114151433749e+16,-87.77754372988616,43.167793391716685
4.086668830316507e+29,6.031229412826416e+16,3.38891031378921e+16,97.80885297204264,73.30497223841604
9.918138119926251e+29,4.573883945685461e+16,3.3445354886059316e+16,37.2847230720611,-99.94786859172144
2.4520995050075108e+30,9.457991953227378e+16,6.188662708261095e+16,-12.042937083223109,-86.25950168007002
7.326907969445095e+29,8.863981577499374e+16,9.042068200381518e+16,-11.494308390242807,81.08717127784658
2.914852170870274e+30,5.8286631283766344e+16,6.3791048816779944e+16,-79.81137454529188,71.95903813006038
9.387697331733088e+29,9.415726069623482e+16,3.52967964913122e+16,0.7668376983208418,18.857708366666074
5.4751170563570656e+29,6.716057824751052e+16,8.994937567537509e+16,-26.80414783248824,-25.13793696770297
9.895095030452593e+29,2.3565625255291136e+16,5594229772611655.0,-76.4097535661522,32.317683805310736
1.5269832545156217e+30,8404010080944987.0,6.5385240176007816e+16,-93.36693222898556,79.46256742176561
2.40015724539006e+30,8.118327533964824e+16,7.510700534361947e+16,-99.69994603098706,-28.920448322167047
5.819620902276954e+29,4.900028587632699e+16,5.705718907788839e+16,45.00283426102388,-7.059701327158635
1.960502805032688e+29,1.122508307699913e+16,5.479325038559182e+16,27.342005323398453,47.1470271745566
3.574873114332289e+29,5.0983455594128776e+16,1069687290725746.0,23.708870271908225,-87.44050968795847
7.308370227723179e+29,7.856020303780738e+16,1.4325444937715504e+16,-47.39393550128399,-26.5707157961031
8.068151945307117e+29,7.906753866402779e+16,8.709207259600992e+16,-1.248441127860488,42.937867243003666
3.097878558431546e+29,9.249706121081627e+16,3.2637973030432436e+16,-2.079734025447877,-16.05683350431582
5.352372324219083e+29,4.625329442298071e+16,7.525992232649389e+16,-21.3540654555691,-66.29084160555765
1.4220208898153222e+30,7.108704431912345e+16,6.121788558910159e+16,12.523769347538945,83.192012967674
7.732809027543426e+29,3.2615977758406988e+16,7.799575981693842e+16,-24.69684356624282,-37.688311710200374
7.957836881623835e+29,8.598410149998936e+16,6.8441792919520344e+16,12.138657981147986,-56.645182914548364
2.305551535201701e+30,4.776558238147672e+16,1.5309672210469128e+16,33.32395164062814,-80.99594503545464
1.0682333303216593e+30,6.471505508692786e+16,8.752763264230414e+16,-49.270673026764996,-32.94034803506365
1.0520444341833039e+30,1.9587483503520308e+16,4.481193937546968e+16,-59.489170892687795,-77.85606718485525
7.480357354660541e+29,9.313814835234162e+16,5.802425653851147e+16,-42.24320922614271,-42.51340597401392
1.2736335476325143e+30,8.182113608712744e+16,5.598317302188696e+16,17.380741199849027,39.296221274377615
3.911702970098482e+29,2.5723139629967696e+16,4.2449535355073864e+16,80.90565012158837,11.660563917294724
1.2796296562657184e+30,5.754838564498189e+16,7.791500211856507e+16,-62.95028045586037,-89.71346899818069
1.5311160542477468e+30,5.075833600746755e+16,6.585335042609048e+16,35.42018108595158,13.646511761188236
1.1830383728769042e+30,3.6616878349322936e+16,5.1194499616239256e+16,-37.747386485310486,98.91518728912882
2.683546030039138e+30,2.793286115235467e+16,1.4201055444780492e+16,51.37289325814072,44.35004398292185
5.790661429039649e+29,8.483281147444818e+16,7.341242485035445e+16,37.83535590994839,-6.5932919402722945
1.490540932258542e+30,7.51317574580028e+16,8.711443621496568e+16,-98.28381610009413,56.11055249082838
1.1737885596406154e+30,7999631214250170.0,6.2757835848711864e+16,-26.766602808539886,20.17503750372846
7.40526021981197e+29,1.926509891248695e+16,4.394435696001971e+16,-53.86630570479285,-62.97322718614397
6.00449265788435e+29,7.822393540304258e+16,6.980713318086881e+16,7.401282855754147,83.11264772143227
2.0693469412308783e+29,4.429408141790404e+16,1.9263346444765668e+16,-0.17156515268115413,-42.84773057136147
3.347607211691134e+29,5.891767495791198e+16,7.742026860631157e+16,41.059301360651745,-32.48274112974248
2.184931365280669e+29,2.177317641896736e+16,9.407928333346403e+16,-37.25902623590878,-53.35275878303947
6.938036467373403e+29,6.693419437856778e+16,3.460753644910993e+16,-46.569373870747334,-52.954070756923734
3.2944012335000575e+29,8.834883417874757e+16,6.557100909921231e+16,-70.56519414989877,96.00772787406683
1.1818654008971775e+30,3.109227069058031e+16,4018261404586872.0,-31.692744811850915,-12.711028685716812
5.365337624569354e+29,4.986262550958787e+16,8.391508088961645e+16,-73.82454273254277,-38.482862227946704
3.662365283929845e+29,8950301049885968.0,2916654743244903.0,5.867968805620421,-36.01226350419149
1.520420413811422e+30,2.361901034350572e+16,6.284382801706513e+16,6.437594101243334,84.99933736333963
6.452777597641597e+29,5.242389746956546e+16,2.357985453334705e+16,33.383019689962964,77.35155688185188
4.721967482217129e+29,5.309128266751628e+16,3.2790493255957524e+16,22.31095484357178,-61.02035459643624
1.1092536938564808e+30,8.01342816253023e+16,6.481770595700963e+16,-92.01629426329052,89.40560172838136
7.130226220092507e+29,3.9495938542137976e+16,8.289961733454421e+16,-6.992631112405917,-31.60336998173338
1.1585277925436793e+30,1.29093024780109e+16,2.1291039124685416e+16,-32.37241574132486,93.7773222190462
3.195129784673548e+29,2.934518506842416e+16,9.011847708962322e+16,-89.95615683784494,12.655658789442796
1.4131448901184283e+30,8.344965184248448e+16,1.0902981592223968e+16,-5.38216170621952,85.28053776912304
1.97688484477581e+29,8.637686711943045e+16,1.1132689891909976e+16,-5.382689632092493,-49.38584490095585
7.072705576895864e+29,7.524089794426691e+16,1914662574314066.8,27.319959485870356,24.337414828573586
2.076064360090687e+30,3.2194963439082076e+16,6.8365534099631064e+16,30.369023712802175,-60.55592004712498
1.5163961321460883e+30,1.2222186393207436e+16,9.30431001362909e+16,50.29995383002364,22.534342349574146
7.92126208691484e+29,8731564682188407.0,6.954528690759771e+16,60.65833021594406,-41.416191707321225
2.7482058114913686e+30,9.198255076027594e+16,7.110507435747923e+16,-57.92560257649624,-84.54637105257532
2.6639402791055344e+29,7.211347668750634e+16,9.296198141442002e+16,-95.7331287335636,65.52912944784393
5.983495736630286e+29,8.632376846567683e+16,4.199849112818298e+16,76.90784166665256,-83.87822620351295
1.896164133968091e+30,2.6479804553228732e+16,989583269575605.8,-22.91499152815281,-10.074657902218775
2.8548841234976522e+29,3.051958350661337e+16,7.974346211455286e+16,72.4046647768302,33.11101059481615
2.2402279396981373e+30,1.0034644593143616e+16,6276357471137475.0,17.231416435923208,95.6240927084911
1.3027542199227736e+30,5.607933900810968e+16,1910597049348512.0,78.19661356290388,-10.436861535894877
5.808130153423246e+29,1.9296078112915404e+16,7.545236007871138e+16,58.90082654718654,90.5323406015772
1.7484632817909883e+30,3.4552511975122756e+16,6.754220809606969e+16,40.859586676024946,67.16294072127818
1.107231545317571e+30,3.7488184758896104e+16,1.4277240589159814e+16,73.46843393583038,67.97941883630773
2.7749451510508227e+29,8.887232590683675e+16,4.7275134004324696e+16,46.11037681058835,-91.57040392146465
1.558587436641116e+29,1.754766468626118e+16,3.355809173321691e+16,-92.83245733903654,-16.330323655628504
1.0181000358631179e+30,8.489469609140998e+16,8.211772877012258e+16,-77.34403295554897,-27.515753937649308
2.75761697798427e+30,1.3261082882517328e+16,3.982399336791199e+16,83.45426433664181,-68.30482158260853
1.1194655638995373e+30,4.7078619465642856e+16,3.3578078267621976e+16,-61.77646717867711,-16.736818294543838
1.4084104862785475e+30,2.092709678169682e+16,6.984222207734148e+16,-0.6672318700729534,-8.549963632182099
1.602371719400492e+30,7.181027903701685e+16,8.52940760418823e+16,45.37077854742262,-34.36432376505874
9.244180054663574e+29,3.5046505682278524e+16,1.8427327865948256e+16,85.87392442628271,23.826279114986832
7.6678685004625e+29,3.82697989523081e+16,7.968296702543826e+16,-85.58241522463132,-72.39926930433522
5.927549703653893e+29,711184652532339.2,7.943387995373344e+16,85.18669669002003,-58.009780757003846
2.3063886257559724e+29,7.915443769728472e+16,2.616295754780371e+16,6.884614118327946,-3.1578465589743985
1.1710519525851635e+30,4.612648980063177e+16,8.583034005134931e+16,-30.67686744835389,-46.16553492938873
1.637528612390487e+29,1.902256520011205e+16,8.527481548031213e+16,-46.11664774433157,10.09462952214352
4.2032595752824615e+29,8.136118472940549e+16,6.177499251402601e+16,39.756384509076156,3.534052296609431
3.475949821070526e+29,7.892378199834925e+16,3.080107686074754e+16,65.79383667450361,-5.239055161794653
3.2449688636532904e+29,4.114723155160329e+16,5.719719798758168e+16,59.09309419329341,-34.34478754279577
6.096107290310304e+29,5.2557086822499416e+16,5.104279758278332e+16,-27.237436570302904,33.06173013424086
2.7833739787009294e+30,5.931443448049963e+16,3.0759040728506356e+16,-1.0411904917254589,-69.01002990099592
2.1754919194600782e+29,4.66388507323756e+16,5.469783942623095e+16,-45.276859798997585,75.21578907439414
2.873817860058934e+30,1.331008554028912e+16,2.8186912653335e+16,37.07178500829943,-66.25062483112758
4.3277921131910474e+29,5.387477069544612e+16,4.329533756894626e+16,-85.35200767093158,-10.318733568549689
1.425833834864155e+30,7.107393005275903e+16,1.964953817908484e+16,85.85749988757897,71.56071487628347
1.9243090664113008e+30,1.55274327697973e+16,7.776215310125294e+16,-35.01180603888227,-54.09451434997139
1.6255174024751065e+29,8601700433747062.0,2.8548014353669384e+16,-60.407033039417925,81.20902263392577
1.6621514315241205e+30,1.338705013199342e+16,7.58882835077934e+16,-83.20606210392205,27.41186220620571
8.263885382867535e+29,9.22042312529576e+16,1.7501786823067148e+16,-33.6056958721783,-15.051195194713074
8.244140482487848e+29,5.593069224224733e+16,3.959495630052431e+16,94.40587409535905,44.64554957897113
7.154879416447875e+29,3.3194013195958308e+16,2.104722891754431e+16,-47.946064243946076,23.549903973960667
4.8750729798083906e+29,2.243548262866753e+16,8.597379021336139e+16,-26.41774811747682,42.124715009602994
1.9041532186339236e+29,4073661671151602.5,4.525759089289314e+16,-69.16795262173929,-71.3965758847223
3.283798101285339e+29,5.044090560838555e+16,8.38047508558702e+16,7.942647815816144,-9.507798235076507
1.6344007397602703e+30,5.810611926077096e+16,3.831035759358182e+16,44.260281913113005,-37.944009734200115
3.848194224148689e+29,8.871869288026256e+16,8.951861036843134e+16,-18.432804250228727,-44.4530451110636
3.754989281908336e+30,8.393471651551446e+16,4.5247613433629064e+16,51.47501584437967,-89.49295702833793
6.798246913244121e+29,7.771852336576424e+16,5.00191880377623e+16,31.202876323154356,42.49188395509856
2.5758225311756682e+29,8.688621176963114e+16,9.435847869981875e+16,-65.88871262977496,19.92115197168212
1.143431373906321e+30,6.91885588745688e+16,7.482486246662306e+16,69.22431325693577,83.70035234346892
6.349906924855164e+29,2001186084201887.5,6.3340372722709304e+16,96.0789530865689,9.275524556491874
3.989854289708102e+29,7.68166795044483e+16,3524768916163989.0,-86.40213449614815,-34.853859780664635
7.186557255415236e+29,2.586559193842781e+16,5.007282419794298e+16,-34.649520218148695,43.51353848844437
2.830932304515834e+30,8.347586081201837e+16,2.477427321033527e+16,12.389527778432296,65.68297625141199
6.614137755145605e+29,4.889320239180518e+16,2.610552208501256e+16,-54.2004285580941,98.61973912956617
1.8110081514861722e+29,5.81059275552137e+16,4.490783571178843e+16,91.99400517236558,-47.07626270661538
4.407718240038066e+29,1.5593101313765918e+16,1.0306895275733858e+16,19.10295657218674,-50.87320955550323
2.2516881960329478e+29,8.976105286143536e+16,7.724996679412562e+16,56.57758888582427,83.72940280820467
3.845684379882284e+29,1.7959827830335348e+16,9.410890713061448e+16,-48.00868820358926,84.51853462299337
1.8026195211619607e+30,4.51799659958139e+16,7.621875175708189e+16,-70.22766914975102,77.11077727857375
2.0034789066225534e+30,7.50178100575719e+16,1.290790643475108e+16,58.69352724302027,49.219384270725755
5.1638522918819885e+29,2.4048112810985216e+16,7.189760388075888e+16,-73.05704399085238,61.520125023637206
9.056273107246452e+29,5.125536470024056e+16,4.9302495949791016e+16,66.93977165280916,-67.316800697005
3.133312755790767e+29,5.733923007068961e+16,2.9242750315452504e+16,-20.392049179035936,98.41309082256711
3.238753579538736e+29,8581433387286276.0,4.62788145376591e+16,92.09773381680066,-22.198606161622678
7.644726001483358e+29,1.8463359689421788e+16,5667187773378236.0,-29.44337809825896,-27.362253288839696
2.3589630452685098e+29,8.068583745804859e+16,5.628707918812448e+16,44.37912048173379,-43.14118660521129
1.0278727850531301e+30,8.806594148599438e+16,1864333680578342.0,56.120992283020996,46.48613606657466
1.1700318956696683e+30,5.0258643619626824e+16,6.861333543613065e+16,-66.34246202381213,60.44319647973728
5.2020854695135056e+29,4.2462141794375176e+16,3.2969037837844564e+16,-21.38143314895669,80.39920752545834
1.0020095067132108e+30,9.051848161908958e+16,5.086181612880639e+16,-96.12297714745411,-96.9768500322601
6.088158077852164e+29,3.414473302948612e+16,4.500978669577941e+16,-43.30953262799968,68.44401757013304
1.4960007660119592e+30,5.078222481257438e+16,7.810262561748074e+16,99.08690265076095,-55.099437902667624
3.485762013197166e+29,4.621105980655404e+16,6.100544239024284e+16,60.84609893001479,17.795545227301844
1.0612094336749356e+30,4.114458502096565e+16,6.22573418371181e+16,-0.6231894649950931,5.572162096012789
2.719463699812103e+29,3.824121905575644e+16,8.879257738769088e+16,10.821483266401671,42.046918223218256
1.0287306643590652e+30,8.473327243679464e+16,6.977741882618312e+16,88.81426384548396,-66.2180582213272
1.222993211556939e+30,8.217657323645701e+16,1.388493831361869e+16,49.80192934851456,-64.74516611725278
3.9838180252780344e+29,6.596898652935329e+16,1.189722532351562e+16,15.512663886127442,65.43759633476972
1.1781759801220553e+30,8.289304734495245e+16,5.4281630884323416e+16,84.5955503005843,-61.29546599363205
1.881258618032383e+30,6.8844629137166136e+16,8.05916139688705e+16,-34.4816901178894,13.945586287220209
2.4938131145874484e+30,2.4548469996795496e+16,7.3692714927631e+16,0.6253964458012433,20.022853383957113
3.202441362039143e+29,1.871737582601013e+16,3.106673346552294e+16,45.92261567217068,77.33339594568065
4.2603053989236475e+29,8.760232722948406e+16,1.8841676984344836e+16,41.24924061119074,-96.14596469148562
1.9130000041847112e+30,7.00928208574108e+16,1.1315951100676114e+16,-57.516694166727,-3.3486942046795605
2.3232872909169373e+30,7.131869490487331e+16,3.76450730733808e+16,-22.17455276320696,25.122917491561594
9.240465917619044e+29,3.1070822787242668e+16,7.583768003413371e+16,10.337494920400232,41.04238852728389
1.5067986244545385e+30,6.948828507518249e+16,7.578539360445672e+16,-61.872419804753264,36.68180449857513
1.5593987023070178e+29,7.632307025249803e+16,5.96933244765159e+16,30.241778446156104,-24.490495211462118
1.5863172167813856e+30,4.477881401973332e+16,4.872413075964859e+16,32.525130480414646,79.40701874361469
4.15808314621492e+29,3.3233164573728224e+16,2.132349119343706e+16,27.747967624072658,26.648626782271975
3.9401023109687836e+29,8.307047801634928e+16,8.78081343207174e+16,30.05494152270674,-23.67531994141187
6.352077138740514e+29,4.5458279014680376e+16,8.915091271167589e+16,-15.714443290905919,24.54626472034829
1.800043077240974e+29,2.961636805482328e+16,2.643718366832066e+16,-26.10532121022632,45.844573416361555
7.849020080093997e+29,4.9654991732486984e+16,4.487444265011786e+16,2.4960641711191585,41.83354154457302
5.581050096463388e+29,7.967714156475246e+16,4.4970336943397976e+16,88.88106210534482,-72.61012168390249
6.75691915938319e+29,6.479719978018141e+16,1.4472609293403722e+16,64.82508260675354,-26.705132577305562
1.852162120933694e+30,1.5068221815084706e+16,2.3472910027513436e+16,-51.84892056468393,6.59565414377343
1.858248279183892e+29,1.7118082210186228e+16,5622789691829875.0,6.363514683919163,-30.027634998159414
9.80985756326958e+29,9.28776669788919e+16,9.383461143157976e+16,-61.36127048054245,21.049482352316232
3.870185072094413e+29,2.030340573401698e+16,3.04184704202779e+16,14.71032035958217,74.88358932237173
2.0498466398304243e+30,7.766189586186864e+16,1.5523333455804316e+16,-2.1422588973777295,-1.3559084138447446
1.1973874443445841e+30,5.653993737211449e+16,9.122186845092365e+16,-47.5718685692214,-94.7916954375779
1.1197774175073969e+30,4.5625470533826616e+16,4.834329401087901e+16,42.42368681869547,80.2957342610485
1.1939071000229399e+30,4.329632791404884e+16,4.199660690733337e+16,12.47704937584328,90.19073888605351
6.695449462801065e+29,2.5871547933558404e+16,3.920820811149533e+16,94.29744178077641,-25.19265197794418
1.0497823934972664e+30,4.3919175514763784e+16,7.161109896556108e+16,-65.46872552944049,-37.73952014452418
5.190050259784034e+30,7.366138128987915e+16,9579759622127454.0,85.10839854948011,38.52080213575661
2.1119838939170507e+30,3.0074470978549452e+16,5.380313693085338e+16,3.9879712882505913,-75.59592012458015
7.445030722878797e+29,8.927683409104091e+16,2.4379708361191124e+16,91.25978693919669,-13.620904167150954
2.530348484945098e+30,7.487345845012248e+16,6.027655279487136e+16,-88.65814226019575,95.02823955873373
1.1277657403697832e+30,5.706875539944148e+16,6.923587439143208e+16,64.76852911347171,-46.88926081095253
1.3755099493161804e+30,2.9522171684190984e+16,1.1483886728313362e+16,74.01253452784465,65.03128033327152
8.25338448848738e+29,7.652895910611957e+16,3.8360811440409384e+16,-53.73198022527017,12.526368898698308
1.8039193323675688e+30,2.162151203950523e+16,7.893996438648422e+16,66.66832903721894,-90.26473818125433
1.9632135187947417e+30,1469913536172107.8,4.95436225960744e+16,-5.119076927009459,-45.206789111668975
2.716942995555762e+30,7.530809698073208e+16,8.589907982134515e+16,86.615172438146,79.57122127493577
8.346544323390335e+29,8.583786658089534e+16,7.57116320318862e+16,-58.568313629853705,63.6963641167107
6.691470536516165e+29,3.794507884638118e+16,6.44259817353455e+16,-66.50007571784974,57.42293526535195
5.941367908156171e+29,6.0306191919355256e+16,8.857108559445357e+16,-10.358608115336395,-52.29554160453911
8.113441130462498e+29,5.484736960032371e+16,5.066892635598902e+16,85.55650018315319,13.268656230381026
5.158526305140685e+29,1.0731920415469832e+16,7.409845917840048e+16,-60.828083964724435,31.767860611366444
1.1512570965149324e+30,8.319116129909691e+16,9.438469261010584e+16,29.70819854075299,-82.78534157230584
1.759117889718356e+30,5726270314078391.0,3.3618001862246256e+16,-48.84827707656871,73.12898894307364
4.7357614427392764e+29,7.1550151217829016e+16,2.8348945599099332e+16,94.92927773059384,-55.48120135418855
2.9334300213580433e+30,1.954143109349817e+16,1.2093592085507318e+16,-95.09556211172567,-14.396368054124451
7.3247487154732e+29,2.301398819286864e+16,4.055069646730775e+16,-37.85877837626994,-54.432562303420525
3.6909220860581896e+29,1.3746008928053506e+16,7.631109242709654e+16,28.695977191719663,53.414706096535866
2.582491336341527e+30,8.611895112219054e+16,2.675143667234056e+16,72.25563277560693,38.01070602453473
1.0217208027221917e+30,4.4292814457740136e+16,5.592400786725791e+16,69.4398543533583,-67.44592740179529
1.7151213184090364e+30,8.08438902348301e+16,4.873698721275598e+16,-32.47443718181229,-19.350293538870005
1.950608064678714e+30,7.129616763001678e+16,3.3288544840323644e+16,65.29622939082216,-77.94199883859307
1.1477370134609665e+30,4.83591756140593e+16,2.30459982864274e+16,57.29909583941969,62.28065495463349
1.6903602545124412e+30,2.4954457096050724e+16,1.1598840196002456e+16,-2.3740368967530117,-17.483855816156236
1.620226701199721e+29,4.202992467559083e+16,3.9412188495559064e+16,-23.929871704124267,23.917387004997366
1.6241788924358858e+30,3.588898019628021e+16,3.251644214606613e+16,-68.3446834739466,-57.59926006874954
8.470810083392339e+29,4.494570085908401e+16,5.170829776919855e+16,-19.18342736475229,2.004534038121548
3.0770330889425737e+29,8.830347800309523e+16,6.772275710483439e+16,-68.09740495926442,-53.14087025049184
2.548948040439708e+30,1.0893015547382188e+16,8926901442336804.0,-40.80012550039971,-11.876559429784763
1.53851878555432e+30,1935339718920482.5,5.937615858821217e+16,-33.22622233149784,-39.5340947332616
7.809325615744182e+29,4.315949824761717e+16,2.4726930149306176e+16,68.73330833694243,-49.32096888859587
9.338749238653339e+29,7.989134382261438e+16,8.527933512098544e+16,23.664633895001046,72.07916459377935
3.836314233398267e+29,3.7191874147273336e+16,2.468407938319493e+16,77.62188035713854,-44.21552917045797
9.423097883201875e+29,3.1739197563145556e+16,1.628472179752446e+16,67.30106983039121,-56.480744553927885
1.4486690682493328e+30,3.9781642571957624e+16,4.708312780985157e+16,-72.0360749489072,50.225909050432676
2.3139054310592683e+30,6.936736446081584e+16,9.250684823629562e+16,-58.92998154964377,56.56671776670606
2.221142328824904e+30,9.050791475735776e+16,5.959079719484913e+16,-64.09184917824098,60.799902676653716
8.1104768874025e+29,1.6532917479368326e+16,2.6044436167213508e+16,73.77663374582508,53.44115699085239
1.9771676727394693e+30,4.0359128367432e+16,2.1645930640935148e+16,-44.108737576657894,85.34300703783896
6.784302996640144e+29,8.562442280019422e+16,8.124323148170675e+16,61.1154508038033,69.8887958557448
9.774147571721161e+29,1.0142550472138028e+16,5.793969674878887e+16,26.589874664745167,-44.480732338178086
1.7195772498598547e+29,5.779000765018203e+16,7.435560455900646e+16,-75.21867182866167,-18.883552878092672
3.52274875206009e+29,4.3710577511463064e+16,4.803025506502448e+16,-77.78517744122252,31.761038816443687
9.713575439465834e+29,2.923657152623625e+16,1662345526285454.8,14.633880519344572,35.78403662761062
4.635601908186402e+29,3054349466949246.5,3.068035674758328e+16,1.6181246204438224,-55.19234325464968
4.7597450569662286e+29,2.521336079519948e+16,7.644559497120824e+16,-30.63928325096734,94.68102604875315
7.249817892440662e+29,3520705861752262.0,2.9716533800008476e+16,80.74215680633242,-66.89163739658599
1.3616523339245536e+30,2770686927668664.0,4.770518031090081e+16,-68.26295272487562,-62.56088540576923
2.663165766800664e+29,3.766172747375436e+16,5.839836645563941e+16,66.21629556468739,47.153105605383985
1.6790263158941343e+30,5.535707650114439e+16,9616785053107076.0,-51.88312623147817,75.22428140772311
1.911316789160635e+29,8.137359622595907e+16,9.423302722244274e+16,78.03289713353098,-43.48556868305058
1.726692851177714e+30,9.144710450277547e+16,3.0235932964505504e+16,-67.13139537530083,76.00069006579872
7.996915656257846e+29,8202450981061895.0,1.899147273250982e+16,28.55749890799467,3.6612040487627553
1.638211970125373e+29,7513314822531912.0,2.4924187942751664e+16,37.40056801043852,75.40123081612168
1.5978600728922522e+29,7.087452022274627e+16,9.195827563299858e+16,21.602894254642237,-37.96411630907814
2.706045116208045e+30,8.184707070997186e+16,3.1740777260522776e+16,81.04220975958975,51.92094594536053
3.739824059395291e+29,9167416879691514.0,4.589376686811692e+16,34.894903749654276,73.26306863045494
8.693683355131465e+29,3.726122127003969e+16,9.20886083442096e+16,-59.999172553154104,90.57725574503513
6.407544603269125e+29,8.284604952954872e+16,3.0541242099649444e+16,-27.35540744264624,-12.379486650571152
5.255146607041312e+29,9.436599188733558e+16,7981400544128230.0,-64.27538497397391,-98.36513049397482
3.832072986278724e+29,6.001268153335861e+16,8.815285067831528e+16,-13.782082093928722,24.951985252303714
6.371209233328424e+29,6.571348698351672e+16,6.6422214820276696e+16,-47.14130201637303,-6.348148378896838
2.1304010788005816e+30,2.884457362824486e+16,8.429837908040624e+16,63.20190858292307,-61.9621868824557
4.280394451708117e+29,1.4725194424284688e+16,4.206746022594677e+16,18.65670895919429,-66.73075794064493
9.892391287488671e+29,7.173357061214359e+16,3.188011463972346e+16,-37.37761118418539,27.47652815866013
3.230273716081522e+29,5.292649753516424e+16,1.608948279090145e+16,52.44778693195923,83.7604061394415
1.662759781411395e+30,6.735758546750849e+16,7.858717536805781e+16,-26.695732572189954,69.72857255979022
1.0914359945829091e+30,6.1398814719454744e+16,4.7537884549864344e+16,-90.77309286330313,39.19520978403381
6.353974105365933e+29,1.5722471767794378e+16,5.2203054045339624e+16,20.736393964370663,1.2805693116880263
2.0079226379231124e+30,3.513547290379399e+16,3498024096489715.5,20.16113566772819,-67.58419073658575
2.550966014388555e+30,3.736081554126093e+16,8.514254907948149e+16,-50.081705034693094,40.376386844858644
1.0684784320738986e+30,5.927821393831932e+16,8.413150988639994e+16,-85.12807077686064,-86.76446127458304
1.3366773222219428e+30,5.945929670234011e+16,5.2500166899144264e+16,-8.840645983870573,-81.83534277912823
1.7824835874044064e+30,5.572903209558753e+16,9.346213272837515e+16,28.69239000985749,45.914408328175966
2.483594269640628e+30,1914686360169592.2,1852493140880007.0,9.47926335180054,-41.91122345644105
1.7050324808815352e+29,6.4589303840865544e+16,7.640899923563486e+16,-93.16589305360141,89.69856752633035
1.3598493992112593e+30,4.872179039723025e+16,4.31803131870236e+16,83.02918823711104,-88.34340251791417
1.95183522234533e+30,7.007624057726077e+16,7.195005455184667e+16,-45.18742188519609,35.09509966281436
4.043970083874208e+29,1003668043404012.0,6.723298002119521e+16,21.320955868752336,27.661268624336117
7.146946441057895e+29,6401130245648685.0,1.9976214102425596e+16,7.5473448850476075,-31.884310658773927
1.8335999469093545e+30,4.8174412628232776e+16,2.030315510011316e+16,-53.09259860847724,5.8258004603098215
4.036103568004453e+29,2.991369172621979e+16,6.707172646212127e+16,-28.91747265828745,-41.93313149566189
8.892896537990543e+29,8.21754456037122e+16,4.144209006882655e+16,21.40315218083495,-71.33536581488
2.396154211005806e+29,1.977235962767461e+16,6.704066056158861e+16,-6.121559191398163,-88.05740842286922
1.0175959757377818e+30,3.483886695897968e+16,4.757087971316099e+16,38.71289033049513,94.17412714494907
3.9067234154199685e+30,8.641113143682814e+16,2.488291541103754e+16,59.77137126059273,72.73956352122048
1.0831663570183233e+30,7.33882680280224e+16,3.974293728475862e+16,-51.21811106553966,-67.5893680090903
8.710259844402966e+29,1.495958985668103e+16,1.879715195511673e+16,-95.78125372922783,43.470339653721965
4.064267948970885e+29,6.950770520670442e+16,1.529225419934594e+16,20.071788158157133,-10.152742879807704
1.559491563811803e+30,1.2075368600560908e+16,2.4002902659536308e+16,-89.43607251693481,82.37399119667822
3.238661812406575e+30,7.557901509497968e+16,8.823387472118523e+16,-51.25224002161375,-28.188365550254503
7.606062643946725e+29,3.2064968253331776e+16,1.833853290349008e+16,-19.753271852000694,-99.1461267937852
1.5633156067305445e+30,5.196336663763622e+16,3.511767840880707e+16,-86.2031467437818,32.235561533060746
6.275307604118964e+29,8.172538668102795e+16,3.989137551384143e+16,43.17822908002742,-50.04340904635591
2.0980630912382992e+30,8.719333746800155e+16,4.783065100974014e+16,75.07246440534394,91.34264509044763
1.696033717613057e+29,6.782934468582462e+16,7.351213914442059e+16,-22.9478949801355,45.88968585421702
5.0780239984800316e+29,1.1975194472433132e+16,2.335699380862635e+16,-1.3464123455626975,-45.24523579357906
1.2745282628046354e+30,6.7230144835681064e+16,2952340928830514.0,29.339896118048273,37.4546517707617
2.6530025126550333e+30,9.284221022260186e+16,3.0067284573280092e+16,20.66746284913505,99.98979314300357
6.478546502071618e+29,2.9965053258437524e+16,2.983119141895363e+16,50.254034597055494,98.99070880480565
3.290835037106586e+29,8555249051616774.0,2.3483115996119036e+16,-77.46814449227949,-30.325884163563273
4.392976218254968e+30,9.363887168050331e+16,4.196802214295339e+16,-60.426977954701734,71.04463451299148
5.054662805072679e+29,7.412870810898562e+16,8.167677867611762e+16,17.862002023125626,-63.94440329681237
7.197276965899151e+29,1.7681603027232512e+16,6.1235117322267176e+16,-83.28959195422449,-96.02543542901736
1.6279056632973143e+29,8.423276468591742e+16,5.3958781760749624e+16,-33.95229261728126,-98.32575945778694
6.065441913290586e+29,9.207932495502674e+16,6.2279697426555384e+16,12.67717147991219,-88.92635984195225
9.965537210779418e+29,4.619333841185984e+16,8.475353045603702e+16,-91.51396572526673,92.2852828121377
4.5814667537240864e+29,2.5660072049945372e+16,1535207705255018.8,-48.82103466757548,38.99295019375273
9.072581413989809e+29,2.62216914513631e+16,7.630333982959722e+16,62.04151333998854,-80.33235440585517
8.522034720038162e+29,2.028260410205608e+16,8.106848007465269e+16,47.53416942129519,19.321129646125584
1.2552031270420548e+30,9.357623415797925e+16,5.07248823991353e+16,-70.11551872537146,3.6309504950860827
1.2553547817859822e+30,391372756895847.3,9.102671948392144e+16,-9.949046693104052,-11.45772753753802
3.1521888752786646e+30,7.009712669773954e+16,5.847831210904098e+16,78.12750124124562,2.265453230444578
1.4061227771871495e+30,7.496729103561374e+16,5.647621049721335e+16,-84.27519515881615,-5.7787366340748605
5.433366292738413e+29,7.019560852788783e+16,1.8556665769986388e+16,-49.04425671728521,25.02496295141124
2.4921706343583723e+30,5.7411946805602056e+16,8.145477518285613e+16,-88.29457346444273,-84.82932673982017
1.0201579223061381e+30,5.2293114850330936e+16,7.324744243827227e+16,93.35391241310518,-37.75847806898809
5.687549395889645e+29,3.010758352455804e+16,5.9324768469711304e+16,61.39940751851029,73.05784779149766
5.903610598976581e+29,3.5120086649220836e+16,8.924129908136478e+16,-5.682172764291778,29.30178190036682
2.0397934902882574e+29,3.1810625849373348e+16,3.409132281328649e+16,50.97014808335146,-55.203688085764746
2.272544529534088e+29,5.237284856282478e+16,3.315420164900073e+16,12.47912137586738,-93.51046921550432
1.7355050577920773e+30,4.360622020001255e+16,5.466370637373264e+16,-88.71691159010766,4.4061725254175315
1.666726427300863e+29,8.780753194223915e+16,3.9639084135467384e+16,0.37280795959904367,-79.23301532285063
2.856164234024847e+29,5.877716755518247e+16,922070628519703.9,-38.56490871963989,-88.03295166679861
3.117795648168047e+30,6.188732846193682e+16,3.06254033782833e+16,3.3366783047447086,2.7350022049335507
6.465571515562887e+29,8.253246334426056e+16,6.0547551729852984e+16,36.93704812316966,-46.66475164044268
2.5113989072581795e+29,6.3734449483612104e+16,4.057459311251719e+16,94.96400755238318,9.797045302031108
4.343026953821434e+29,5.565617843222499e+16,6.283144080121634e+16,-7.389635017741497,45.94815159102521
3.756639438102613e+29,2.5948378703596276e+16,4.8342484878913384e+16,77.83864681020776,99.34452955135859
7.251352337072666e+29,6.053140466930808e+16,9232485579707834.0,64.48498094260125,-38.47511509053445
1.5755132087006985e+30,5.002981462569235e+16,6.357370731563667e+16,27.48953606391784,-74.30198379088495
5.5014211454296845e+29,7.500630010259486e+16,4.257266095574002e+16,-41.93526580897298,87.31900398166485
1.1834419640453697e+30,5.4648850841880744e+16,3.5219311016237236e+16,-94.7498277987776,92.66675833383763
1.6962734292707209e+30,2.5537358745755124e+16,6.440617730439417e+16,-77.98196068059812,35.162760838618425
1.1264251931075564e+30,5.546487061670159e+16,8.807469541878654e+16,-91.41155188527091,-87.81456062952395
1.5214203030962212e+30,4.6571268948013016e+16,6.64829990900603e+16,71.43331779839684,96.19938943115801
1.9182943913487178e+30,7.53413115397182e+16,2.6221125751302336e+16,78.06045449107583,-97.55155088490592
8.975076280075834e+29,8.271992954144963e+16,3.901668297483865e+16,5.910198396872175,-18.693860369131926
1.0206829907258557e+30,2.3240999782146124e+16,7.911927039362269e+16,85.80049758058072,-6.837812837571747
2.796627830530149e+30,2.0652646533443844e+16,7.901938486043643e+16,-39.64539402986309,-3.330961625143459
5.249150683652568e+29,5.464776317569528e+16,2.7206400726600412e+16,79.386981618884,64.2788736793955
2.5241072863304932e+30,6.744146749377888e+16,9.341767088453896e+16,-2.255835873052419,-48.72208969859793
6.637745662732725e+29,6.631559809240407e+16,5.57076801338312e+16,-89.92029409927338,67.37674048548374
1.7336998163740373e+30,8.324764367475635e+16,4.254457820553615e+16,-77.26184985714386,46.81325709401196
5.944320496606938e+29,7403773500001686.0,3.183267884950638e+16,57.098901316533585,-93.23290885907404
3.532071769361553e+29,5.680733022259946e+16,7.119284824021982e+16,-85.05280414652225,14.72541894101144
5.070790814903534e+29,3.335422379703772e+16,2.6988709614063564e+16,44.07170821333631,-13.025649774197959
8.418679605533272e+29,8.364710314453197e+16,5.854149972711201e+16,54.6789206072431,4.466002915854901
6.0715908836791395e+29,2.6402864072456204e+16,2.891587424526586e+16,-26.781860579392003,24.77031623864299
5.124991255740757e+29,2.861422980714691e+16,4.88613484249118e+16,-90.55351062937254,-93.6719108185909
1.1531232803897724e+30,7.987305665246694e+16,4.564353615807581e+16,70.00732662009727,-81.12435828377488
2.0110861070111732e+30,1.5872529924489168e+16,7.1655865620877864e+16,70.89174179953409,-85.49316569395234
1.607521602878675e+30,8.054263584541683e+16,6.919886883526667e+16,48.48651069778845,48.94929380753004
3.0265135364902844e+29,4.53805612673457e+16,6.772972876711813e+16,-46.595790339739864,75.17319386699103
4.3500035493588236e+29,9552370321282034.0,6.004429943152067e+16,27.25335116024776,-70.49922830616472
5.8159735041558914e+29,7.393468030816045e+16,5.248264154623126e+16,76.28795233066901,27.766809760625378
7.519674736875706e+29,3.751200554918983e+16,2.435280729878923e+16,-93.1157094786923,-4.992214972643993
2.2390060051761575e+29,1033851150459171.2,1.3803625840239488e+16,42.53437149499263,12.374171987824468
1.4171863189074e+30,6.682447150795378e+16,1045909134643340.2,-23.940523308518394,-56.066885481550386
8.795680294789395e+29,2.7450197168945772e+16,3.1338438881576068e+16,-23.299820562006786,0.28939439874318396
3.9910854627199396e+30,5.398807204034648e+16,6.598930192546676e+16,-65.36233048186384,-90.95163341329182
6.478803485697954e+29,8.599325137607659e+16,6.635442827291504e+16,92.5970724772308,11.420886868577625
1.0393420398184946e+30,6.637314517218264e+16,7.232173458225042e+16,-2.6636226043831357,-23.15257509656786
1.7769418769107493e+30,3.1397965303685404e+16,3.4050242985080084e+16,57.66270583656663,64.15251321521438
4.643675048104436e+29,1.1880085914309498e+16,1.3206687402460818e+16,87.3631273737615,-32.39242369681415
2.323313314156469e+29,5.321251211495073e+16,2.667968426951515e+16,79.11904354814695,13.29600210379165
1.1346766440999787e+30,2.2914110563584196e+16,3.2913994004401836e+16,-95.45566523595816,57.781761911333035
2.1303440865061446e+29,7.481413996058317e+16,4.2069735564459896e+16,-95.58398030731601,31.399650371715268
2.0327844572149665e+30,5272446891778575.0,1.3406586717700048e+16,-1.9183309324142215,42.98529296897024
5.5059501425000606e+29,9.368350877908213e+16,3.840374611563694e+16,-32.35209975851757,71.39732272672316
1.5203668122048765e+30,1.9637343201021428e+16,2.2729307498351016e+16,-58.0840191530678,-62.40921728832496
6.511572518365135e+29,5.399234630995141e+16,8.106429304549414e+16,14.530107086743755,-58.72671962328428
1.1504434911466055e+30,6.781073981258226e+16,563601124619857.1,-31.02654938085361,7.811264730948238
2.452848667582231e+29,6.984115093414395e+16,5.010955961358352e+16,-78.49424082830971,93.81222981124361
4.125881552159874e+29,3.3719274799510816e+16,7.0934203662486536e+16,73.45711198869259,-60.97630756708181
6.410275900353602e+29,9647653788209774.0,5.41681143368705e+16,86.406601796443,63.99107536366145
8.775770568928757e+29,8.161950409441293e+16,6.269761144409562e+16,-36.91586444426606,83.15207451018605
4.255215046544577e+29,1.2965122571019e+16,2.012863240019462e+16,-75.00620164595438,-64.70658859409542
1.8910550476094662e+30,9575089743816650.0,4.6732526147428e+16,-62.939839584510615,-43.79654384073306
1.7319303758594807e+30,5.5359162154617176e+16,7.014122317266799e+16,-5.362123886346694,-79.62478257710674
6.930401711277562e+29,6.09877501523349e+16,9.0244649252782e+16,87.23315084139077,-69.46650244291655
1.7204750534461092e+30,1.60282020276996e+16,5.984334721056975e+16,77.39562328185306,-52.20656476877592
2.9605565779976983e+29,7.773262947946243e+16,4.32355245532128e+16,60.97809300323814,56.86977382097294
6.209469862423979e+29,4.705919697368771e+16,8.218353285257003e+16,55.64770202736102,-51.6104552711355
1.296928717238259e+30,7.467848325100446e+16,1.6183378645829752e+16,52.35791262930951,74.54547781793062
3.698953417298849e+29,135500210269280.52,91298858960306.22,-66.31085500019138,-53.72066864358309
2.1119700132396005e+29,7.736983803798696e+16,7.93948364174903e+16,1.1064876783279658,-99.17598775223038
1.745469006586206e+30,3.196586184190706e+16,3.674423464495682e+16,-10.183461756213433,-41.32412932069496
1.9310218280960014e+29,1.6269623980652508e+16,5178028325814470.0,-43.05989793540419,26.0402461377152
9.49844520426795e+29,4.417493836560593e+16,8.76141564471708e+16,94.56523170281329,-34.30476335168319
1.6497622722888582e+30,8.7959359672448e+16,2.3310023624060924e+16,-2.2808110246195668,87.70527404145824
5.733371989435677e+29,2.7458994276122784e+16,2.1900065591151996e+16,-23.817508801272865,60.894337197241896
1.6288468471410348e+30,8.487145603799814e+16,9.122003919937914e+16,45.32717634799849,-44.01444247213067
1.099021855281372e+30,6.8376079704665976e+16,1.6974920409412718e+16,-51.19683932197891,37.84584340379283
1.3772031743339077e+30,4.6208610885264376e+16,2.5732813301482236e+16,9.506202459698756,-65.01206311297392
1.6737318878932805e+30,6.908769267444814e+16,7.629720174105386e+16,-39.151661910733495,-96.95267957073592
4.038448319578526e+29,9.150323829963381e+16,8.172761883920618e+16,4.804596734779992,68.05092864154224
1.6012722478757437e+30,9.11192720761587e+16,4.669666167882191e+16,82.02733787259766,90.27932016197045
1.4672229857242e+30,5.638520734294494e+16,8.439967161667923e+16,33.19901083602281,5.168603955193333
1.3959671639255608e+30,6.239586079202642e+16,3.3927653260547424e+16,6.486410359081418,-31.23631769196082
2.805867862340427e+30,1.8281679818839696e+16,8266347549964875.0,45.22780529089934,24.129915330413183
3.71969842477366e+29,4.8809990908322344e+16,3.3771234105563896e+16,0.5272037198004398,24.451897522916582
4.0880518340233695e+29,6.9131596440564936e+16,7.816224432460421e+16,-10.504452999543062,-87.81423416266783
1.688230488413246e+30,5.013855379473202e+16,1.9087388361593804e+16,-82.91295724193148,56.18144906204796
1.5720285645551757e+30,8.425406800972126e+16,7.601129671275102e+16,-88.11648913651132,99.86059196247064
6.1633767031905515e+29,2.0364739898904776e+16,2.9004158521908924e+16,-31.809908065579265,97.93505809733261
6.334219893983141e+29,3.379494756649169e+16,5.376114994463002e+16,-31.90638773777492,64.54073418185385
5.0098608681044566e+29,3.995188810684624e+16,2.053879742349766e+16,2.3171371692980927,35.83044372481447
